OBJECTID,Zip9,NewPOD,NewMTS,ChangeDate,Description,Zip9_1,Zip5,RecType,Name
1,847161313,9002,9002,1/1/2006 0:28:31,Boulder,847161313,84716,P,PO BOX
2,847161314,9002,9002,1/1/2006 0:28:31,Boulder,847161314,84716,P,PO BOX
3,847161315,9002,9002,1/1/2006 0:28:31,Boulder,847161315,84716,P,PO BOX
4,847161316,9002,9002,1/1/2006 0:28:31,Boulder,847161316,84716,P,PO BOX
5,847161317,9002,9002,1/1/2006 0:28:31,Boulder,847161317,84716,P,PO BOX
6,847161318,9002,9002,1/1/2006 0:28:31,Boulder,847161318,84716,P,PO BOX
7,847161319,9002,9002,1/1/2006 0:28:31,Boulder,847161319,84716,P,PO BOX
8,847161320,9002,9002,1/1/2006 0:28:31,Boulder,847161320,84716,P,PO BOX
9,847161321,9002,9002,1/1/2006 0:28:31,Boulder,847161321,84716,P,PO BOX
10,847161322,9002,9002,1/1/2006 0:28:31,Boulder,847161322,84716,P,PO BOX
11,847161323,9002,9002,1/1/2006 0:28:31,Boulder,847161323,84716,P,PO BOX
12,847161324,9002,9002,1/1/2006 0:28:31,Boulder,847161324,84716,P,PO BOX
13,847161325,9002,9002,1/1/2006 0:28:31,Boulder,847161325,84716,P,PO BOX
14,847161326,9002,9002,1/1/2006 0:28:31,Boulder,847161326,84716,P,PO BOX
15,847161327,9002,9002,1/1/2006 0:28:31,Boulder,847161327,84716,P,PO BOX
16,847161328,9002,9002,1/1/2006 0:28:31,Boulder,847161328,84716,P,PO BOX
17,847161329,9002,9002,1/1/2006 0:28:31,Boulder,847161329,84716,P,PO BOX
18,847161330,9002,9002,1/1/2006 0:28:31,Boulder,847161330,84716,P,PO BOX
19,847161331,9002,9002,1/1/2006 0:28:31,Boulder,847161331,84716,P,PO BOX
20,847161332,9002,9002,1/1/2006 0:28:31,Boulder,847161332,84716,P,PO BOX
21,847161333,9002,9002,1/1/2006 0:28:31,Boulder,847161333,84716,P,PO BOX
22,847161334,9002,9002,1/1/2006 0:28:31,Boulder,847161334,84716,P,PO BOX
23,847161335,9002,9002,1/1/2006 0:28:31,Boulder,847161335,84716,P,PO BOX
24,847161336,9002,9002,1/1/2006 0:28:31,Boulder,847161336,84716,P,PO BOX
25,847161337,9002,9002,1/1/2006 0:28:31,Boulder,847161337,84716,P,PO BOX
26,847161338,9002,9002,1/1/2006 0:28:31,Boulder,847161338,84716,P,PO BOX
27,847161339,9002,9002,1/1/2006 0:28:31,Boulder,847161339,84716,P,PO BOX
28,847161340,9002,9002,1/1/2006 0:28:31,Boulder,847161340,84716,P,PO BOX
29,847161341,9002,9002,1/1/2006 0:28:31,Boulder,847161341,84716,P,PO BOX
30,847161342,9002,9002,1/1/2006 0:28:31,Boulder,847161342,84716,P,PO BOX
31,847161343,9002,9002,1/1/2006 0:28:31,Boulder,847161343,84716,P,PO BOX
32,847161344,9002,9002,1/1/2006 0:28:31,Boulder,847161344,84716,P,PO BOX
33,847161345,9002,9002,1/1/2006 0:28:31,Boulder,847161345,84716,P,PO BOX
34,847161346,9002,9002,1/1/2006 0:28:31,Boulder,847161346,84716,P,PO BOX
35,847161347,9002,9002,1/1/2006 0:28:31,Boulder,847161347,84716,P,PO BOX
36,847161348,9002,9002,1/1/2006 0:28:31,Boulder,847161348,84716,P,PO BOX
37,847161349,9002,9002,1/1/2006 0:28:31,Boulder,847161349,84716,P,PO BOX
38,847161350,9002,9002,1/1/2006 0:28:31,Boulder,847161350,84716,P,PO BOX
39,847161351,9002,9002,1/1/2006 0:28:31,Boulder,847161351,84716,P,PO BOX
40,847161352,9002,9002,1/1/2006 0:28:31,Boulder,847161352,84716,P,PO BOX
41,847161353,9002,9002,1/1/2006 0:28:31,Boulder,847161353,84716,P,PO BOX
42,847161354,9002,9002,1/1/2006 0:28:31,Boulder,847161354,84716,P,PO BOX
43,847161355,9002,9002,1/1/2006 0:28:31,Boulder,847161355,84716,P,PO BOX
44,847161356,9002,9002,1/1/2006 0:28:31,Boulder,847161356,84716,P,PO BOX
45,847161357,9002,9002,1/1/2006 0:28:31,Boulder,847161357,84716,P,PO BOX
46,847161358,9002,9002,1/1/2006 0:28:31,Boulder,847161358,84716,P,PO BOX
47,847161359,9002,9002,1/1/2006 0:28:31,Boulder,847161359,84716,P,PO BOX
48,847161360,9002,9002,1/1/2006 0:28:31,Boulder,847161360,84716,P,PO BOX
49,847161361,9002,9002,1/1/2006 0:28:31,Boulder,847161361,84716,P,PO BOX
50,847161362,9002,9002,1/1/2006 0:28:31,Boulder,847161362,84716,P,PO BOX
51,847161363,9002,9002,1/1/2006 0:28:31,Boulder,847161363,84716,P,PO BOX
52,847161364,9002,9002,1/1/2006 0:28:31,Boulder,847161364,84716,P,PO BOX
53,847161365,9002,9002,1/1/2006 0:28:31,Boulder,847161365,84716,P,PO BOX
54,847161366,9002,9002,1/1/2006 0:28:31,Boulder,847161366,84716,P,PO BOX
55,847161367,9002,9002,1/1/2006 0:28:31,Boulder,847161367,84716,P,PO BOX
56,847161368,9002,9002,1/1/2006 0:28:31,Boulder,847161368,84716,P,PO BOX
57,847161369,9002,9002,1/1/2006 0:28:31,Boulder,847161369,84716,P,PO BOX
58,847161370,9002,9002,1/1/2006 0:28:31,Boulder,847161370,84716,P,PO BOX
59,847161371,9002,9002,1/1/2006 0:28:31,Boulder,847161371,84716,P,PO BOX
60,847161372,9002,9002,1/1/2006 0:28:31,Boulder,847161372,84716,P,PO BOX
61,847161373,9002,9002,1/1/2006 0:28:31,Boulder,847161373,84716,P,PO BOX
62,847161374,9002,9002,1/1/2006 0:28:31,Boulder,847161374,84716,P,PO BOX
63,847161375,9002,9002,1/1/2006 0:28:31,Boulder,847161375,84716,P,PO BOX
64,847161376,9002,9002,1/1/2006 0:28:31,Boulder,847161376,84716,P,PO BOX
65,847161377,9002,9002,1/1/2006 0:28:31,Boulder,847161377,84716,P,PO BOX
66,847161378,9002,9002,1/1/2006 0:28:31,Boulder,847161378,84716,P,PO BOX
67,847161379,9002,9002,1/1/2006 0:28:31,Boulder,847161379,84716,P,PO BOX
68,847161380,9002,9002,1/1/2006 0:28:31,Boulder,847161380,84716,P,PO BOX
69,847161381,9002,9002,1/1/2006 0:28:31,Boulder,847161381,84716,P,PO BOX
70,847161382,9002,9002,1/1/2006 0:28:31,Boulder,847161382,84716,P,PO BOX
71,847161383,9002,9002,1/1/2006 0:28:31,Boulder,847161383,84716,P,PO BOX
72,847161384,9002,9002,1/1/2006 0:28:31,Boulder,847161384,84716,P,PO BOX
73,847161385,9002,9002,1/1/2006 0:28:31,Boulder,847161385,84716,P,PO BOX
74,847161386,9002,9002,1/1/2006 0:28:31,Boulder,847161386,84716,P,PO BOX
75,847161387,9002,9002,1/1/2006 0:28:31,Boulder,847161387,84716,P,PO BOX
76,847161388,9002,9002,1/1/2006 0:28:31,Boulder,847161388,84716,P,PO BOX
77,847161389,9002,9002,1/1/2006 0:28:31,Boulder,847161389,84716,P,PO BOX
78,847161390,9002,9002,1/1/2006 0:28:31,Boulder,847161390,84716,P,PO BOX
79,847161391,9002,9002,1/1/2006 0:28:31,Boulder,847161391,84716,P,PO BOX
80,847161392,9002,9002,1/1/2006 0:28:31,Boulder,847161392,84716,P,PO BOX
81,847161393,9002,9002,1/1/2006 0:28:31,Boulder,847161393,84716,P,PO BOX
82,847161394,9002,9002,1/1/2006 0:28:31,Boulder,847161394,84716,P,PO BOX
83,847161395,9002,9002,1/1/2006 0:28:31,Boulder,847161395,84716,P,PO BOX
84,847161396,9002,9002,1/1/2006 0:28:31,Boulder,847161396,84716,P,PO BOX
85,847161397,9002,9002,1/1/2006 0:28:31,Boulder,847161397,84716,P,PO BOX
86,847161398,9002,9002,1/1/2006 0:28:31,Boulder,847161398,84716,P,PO BOX
87,847161399,9002,9002,1/1/2006 0:28:31,Boulder,847161399,84716,P,PO BOX
88,847161400,9002,9002,1/1/2006 0:28:31,Boulder,847161400,84716,P,PO BOX
89,847161401,9002,9002,1/1/2006 0:28:31,Boulder,847161401,84716,P,PO BOX
90,847161402,9002,9002,1/1/2006 0:28:31,Boulder,847161402,84716,P,PO BOX
91,847161403,9002,9002,1/1/2006 0:28:31,Boulder,847161403,84716,P,PO BOX
92,847161404,9002,9002,1/1/2006 0:28:31,Boulder,847161404,84716,P,PO BOX
93,847161405,9002,9002,1/1/2006 0:28:31,Boulder,847161405,84716,P,PO BOX
94,847161406,9002,9002,1/1/2006 0:28:31,Boulder,847161406,84716,P,PO BOX
95,847161407,9002,9002,1/1/2006 0:28:31,Boulder,847161407,84716,P,PO BOX
96,847161408,9002,9002,1/1/2006 0:28:31,Boulder,847161408,84716,P,PO BOX
97,847161409,9002,9002,1/1/2006 0:28:31,Boulder,847161409,84716,P,PO BOX
98,847161410,9002,9002,1/1/2006 0:28:31,Boulder,847161410,84716,P,PO BOX
99,847161411,9002,9002,1/1/2006 0:28:31,Boulder,847161411,84716,P,PO BOX
100,847161412,9002,9002,1/1/2006 0:28:31,Boulder,847161412,84716,P,PO BOX
101,847161413,9002,9002,1/1/2006 0:28:31,Boulder,847161413,84716,P,PO BOX
102,847161414,9002,9002,1/1/2006 0:28:31,Boulder,847161414,84716,P,PO BOX
103,847161415,9002,9002,1/1/2006 0:28:31,Boulder,847161415,84716,P,PO BOX
104,847161416,9002,9002,1/1/2006 0:28:31,Boulder,847161416,84716,P,PO BOX
105,847161417,9002,9002,1/1/2006 0:28:31,Boulder,847161417,84716,P,PO BOX
106,847161418,9002,9002,1/1/2006 0:28:31,Boulder,847161418,84716,P,PO BOX
107,847161419,9002,9002,1/1/2006 0:28:31,Boulder,847161419,84716,P,PO BOX
108,847161420,9002,9002,1/1/2006 0:28:31,Boulder,847161420,84716,P,PO BOX
109,847161421,9002,9002,1/1/2006 0:28:31,Boulder,847161421,84716,P,PO BOX
110,847161422,9002,9002,1/1/2006 0:28:31,Boulder,847161422,84716,P,PO BOX
111,847161423,9002,9002,1/1/2006 0:28:31,Boulder,847161423,84716,P,PO BOX
112,847161424,9002,9002,1/1/2006 0:28:31,Boulder,847161424,84716,P,PO BOX
113,847161425,9002,9002,1/1/2006 0:28:31,Boulder,847161425,84716,P,PO BOX
114,847161426,9002,9002,1/1/2006 0:28:31,Boulder,847161426,84716,P,PO BOX
115,847161427,9002,9002,1/1/2006 0:28:31,Boulder,847161427,84716,P,PO BOX
116,847161428,9002,9002,1/1/2006 0:28:31,Boulder,847161428,84716,P,PO BOX
117,847161429,9002,9002,1/1/2006 0:28:31,Boulder,847161429,84716,P,PO BOX
118,847161430,9002,9002,1/1/2006 0:28:31,Boulder,847161430,84716,P,PO BOX
119,847161431,9002,9002,1/1/2006 0:28:31,Boulder,847161431,84716,P,PO BOX
120,847161432,9002,9002,1/1/2006 0:28:31,Boulder,847161432,84716,P,PO BOX
121,847161433,9002,9002,1/1/2006 0:28:31,Boulder,847161433,84716,P,PO BOX
122,847161434,9002,9002,1/1/2006 0:28:31,Boulder,847161434,84716,P,PO BOX
123,847161435,9002,9002,1/1/2006 0:28:31,Boulder,847161435,84716,P,PO BOX
124,847161436,9002,9002,1/1/2006 0:28:31,Boulder,847161436,84716,P,PO BOX
125,847161437,9002,9002,1/1/2006 0:28:31,Boulder,847161437,84716,P,PO BOX
126,847161438,9002,9002,1/1/2006 0:28:31,Boulder,847161438,84716,P,PO BOX
127,847161439,9002,9002,1/1/2006 0:28:31,Boulder,847161439,84716,P,PO BOX
128,847161440,9002,9002,1/1/2006 0:28:31,Boulder,847161440,84716,P,PO BOX
129,847161441,9002,9002,1/1/2006 0:28:31,Boulder,847161441,84716,P,PO BOX
130,847161442,9002,9002,1/1/2006 0:28:31,Boulder,847161442,84716,P,PO BOX
131,847161443,9002,9002,1/1/2006 0:28:31,Boulder,847161443,84716,P,PO BOX
132,847161444,9002,9002,1/1/2006 0:28:31,Boulder,847161444,84716,P,PO BOX
133,847161445,9002,9002,1/1/2006 0:28:31,Boulder,847161445,84716,P,PO BOX
134,847161446,9002,9002,1/1/2006 0:28:31,Boulder,847161446,84716,P,PO BOX
135,847161447,9002,9002,1/1/2006 0:28:31,Boulder,847161447,84716,P,PO BOX
136,847161448,9002,9002,1/1/2006 0:28:31,Boulder,847161448,84716,P,PO BOX
137,847161449,9002,9002,1/1/2006 0:28:31,Boulder,847161449,84716,P,PO BOX
138,847161450,9002,9002,1/1/2006 0:28:31,Boulder,847161450,84716,P,PO BOX
139,847161451,9002,9002,1/1/2006 0:28:31,Boulder,847161451,84716,P,PO BOX
140,847161452,9002,9002,1/1/2006 0:28:31,Boulder,847161452,84716,P,PO BOX
141,847161453,9002,9002,1/1/2006 0:28:31,Boulder,847161453,84716,P,PO BOX
142,847161454,9002,9002,1/1/2006 0:28:31,Boulder,847161454,84716,P,PO BOX
143,847161455,9002,9002,1/1/2006 0:28:31,Boulder,847161455,84716,P,PO BOX
144,847161456,9002,9002,1/1/2006 0:28:31,Boulder,847161456,84716,P,PO BOX
145,847161461,9002,9002,1/1/2006 0:28:31,Boulder,847161461,84716,P,PO BOX
146,847161462,9002,9002,1/1/2006 0:28:31,Boulder,847161462,84716,P,PO BOX
147,847161463,9002,9002,1/1/2006 0:28:31,Boulder,847161463,84716,P,PO BOX
148,847161464,9002,9002,1/1/2006 0:28:31,Boulder,847161464,84716,P,PO BOX
149,847161465,9002,9002,1/1/2006 0:28:31,Boulder,847161465,84716,P,PO BOX
150,847161466,9002,9002,1/1/2006 0:28:31,Boulder,847161466,84716,P,PO BOX
151,847161467,9002,9002,1/1/2006 0:28:31,Boulder,847161467,84716,P,PO BOX
152,847161468,9002,9002,1/1/2006 0:28:31,Boulder,847161468,84716,P,PO BOX
153,847161469,9002,9002,1/1/2006 0:28:31,Boulder,847161469,84716,P,PO BOX
154,847161470,9002,9002,1/1/2006 0:28:31,Boulder,847161470,84716,P,PO BOX
155,847161471,9002,9002,1/1/2006 0:28:31,Boulder,847161471,84716,P,PO BOX
156,847161472,9002,9002,1/1/2006 0:28:31,Boulder,847161472,84716,P,PO BOX
157,847161473,9002,9002,1/1/2006 0:28:31,Boulder,847161473,84716,P,PO BOX
158,847161474,9002,9002,1/1/2006 0:28:31,Boulder,847161474,84716,P,PO BOX
159,847161475,9002,9002,1/1/2006 0:28:31,Boulder,847161475,84716,P,PO BOX
160,847161476,9002,9002,1/1/2006 0:28:31,Boulder,847161476,84716,P,PO BOX
161,847161477,9002,9002,1/1/2006 0:28:31,Boulder,847161477,84716,P,PO BOX
162,847161478,9002,9002,1/1/2006 0:28:31,Boulder,847161478,84716,P,PO BOX
163,847161479,9002,9002,1/1/2006 0:28:31,Boulder,847161479,84716,P,PO BOX
164,847161480,9002,9002,1/1/2006 0:28:31,Boulder,847161480,84716,P,PO BOX
165,847161481,9002,9002,1/1/2006 0:28:31,Boulder,847161481,84716,P,PO BOX
166,847161482,9002,9002,1/1/2006 0:28:31,Boulder,847161482,84716,P,PO BOX
167,847161483,9002,9002,1/1/2006 0:28:31,Boulder,847161483,84716,P,PO BOX
168,847161484,9002,9002,1/1/2006 0:28:31,Boulder,847161484,84716,P,PO BOX
169,847161485,9002,9002,1/1/2006 0:28:31,Boulder,847161485,84716,P,PO BOX
170,847161486,9002,9002,1/1/2006 0:28:31,Boulder,847161486,84716,P,PO BOX
171,847161487,9002,9002,1/1/2006 0:28:31,Boulder,847161487,84716,P,PO BOX
172,847161488,9002,9002,1/1/2006 0:28:31,Boulder,847161488,84716,P,PO BOX
173,847161489,9002,9002,1/1/2006 0:28:31,Boulder,847161489,84716,P,PO BOX
174,847161490,9002,9002,1/1/2006 0:28:31,Boulder,847161490,84716,P,PO BOX
175,847161491,9002,9002,1/1/2006 0:28:31,Boulder,847161491,84716,P,PO BOX
176,847161492,9002,9002,1/1/2006 0:28:31,Boulder,847161492,84716,P,PO BOX
177,847161493,9002,9002,1/1/2006 0:28:31,Boulder,847161493,84716,P,PO BOX
178,847161494,9002,9002,1/1/2006 0:28:31,Boulder,847161494,84716,P,PO BOX
179,847161495,9002,9002,1/1/2006 0:28:31,Boulder,847161495,84716,P,PO BOX
180,847161496,9002,9002,1/1/2006 0:28:31,Boulder,847161496,84716,P,PO BOX
181,847161497,9002,9002,1/1/2006 0:28:31,Boulder,847161497,84716,P,PO BOX
182,847161498,9002,9002,1/1/2006 0:28:31,Boulder,847161498,84716,P,PO BOX
183,847161499,9002,9002,1/1/2006 0:28:31,Boulder,847161499,84716,P,PO BOX
184,847161500,9002,9002,1/1/1980 0:00:00,Boulder,847161500,84716,P,PO BOX
185,847161501,9002,9002,1/1/1980 0:00:00,Boulder,847161501,84716,P,PO BOX
186,847161502,9002,9002,1/1/1980 0:00:00,Boulder,847161502,84716,P,PO BOX
187,847161503,9002,9002,1/1/1980 0:00:00,Boulder,847161503,84716,P,PO BOX
188,847161504,9002,9002,1/1/1980 0:00:00,Boulder,847161504,84716,P,PO BOX
189,847161505,9002,9002,1/1/1980 0:00:00,Boulder,847161505,84716,P,PO BOX
190,847161506,9002,9002,1/1/1980 0:00:00,Boulder,847161506,84716,P,PO BOX
191,847161507,9002,9002,1/1/1980 0:00:00,Boulder,847161507,84716,P,PO BOX
192,847161508,9002,9002,1/1/1980 0:00:00,Boulder,847161508,84716,P,PO BOX
193,847161509,9002,9002,1/1/1980 0:00:00,Boulder,847161509,84716,P,PO BOX
194,847161510,9002,9002,1/1/1980 0:00:00,Boulder,847161510,84716,P,PO BOX
195,847161511,9002,9002,1/1/1980 0:00:00,Boulder,847161511,84716,P,PO BOX
196,847161512,9002,9002,1/1/1980 0:00:00,Boulder,847161512,84716,P,PO BOX
197,847161513,9002,9002,1/1/1980 0:00:00,Boulder,847161513,84716,P,PO BOX
198,847161514,9002,9002,1/1/1980 0:00:00,Boulder,847161514,84716,P,PO BOX
199,847161515,9002,9002,1/1/1980 0:00:00,Boulder,847161515,84716,P,PO BOX
200,847161516,9002,9002,1/1/1980 0:00:00,Boulder,847161516,84716,P,PO BOX
201,847161517,9002,9002,1/1/1980 0:00:00,Boulder,847161517,84716,P,PO BOX
202,847161518,9002,9002,1/1/1980 0:00:00,Boulder,847161518,84716,P,PO BOX
203,847161519,9002,9002,1/1/1980 0:00:00,Boulder,847161519,84716,P,PO BOX
204,847161520,9002,9002,1/1/1980 0:00:00,Boulder,847161520,84716,P,PO BOX
206,847169998,9002,9002,1/1/1980 0:00:00,Boulder,847169998,84716,P,PO BOX
207,840928000,18003,18003,1/1/1980 0:00:00,Alta,840928000,84092,P,PO BOX
208,840928001,18003,18003,1/1/1980 0:00:00,Alta,840928001,84092,P,PO BOX
209,840928002,18003,18003,1/1/1980 0:00:00,Alta,840928002,84092,P,PO BOX
210,840928003,18003,18003,1/1/1980 0:00:00,Alta,840928003,84092,P,PO BOX
211,840928004,18003,18003,1/1/1980 0:00:00,Alta,840928004,84092,P,PO BOX
212,840928005,18003,18003,1/1/1980 0:00:00,Alta,840928005,84092,P,PO BOX
213,840928006,18003,18003,1/1/1980 0:00:00,Alta,840928006,84092,P,PO BOX
214,840928007,18003,18003,1/1/1980 0:00:00,Alta,840928007,84092,P,PO BOX
215,840928008,18003,18003,1/1/1980 0:00:00,Alta,840928008,84092,P,PO BOX
216,840928009,18003,18003,1/1/1980 0:00:00,Alta,840928009,84092,P,PO BOX
217,840928010,18003,18003,1/1/1980 0:00:00,Alta,840928010,84092,P,PO BOX
218,840928011,18003,18003,1/1/1980 0:00:00,Alta,840928011,84092,P,PO BOX
219,840928012,18003,18003,1/1/1980 0:00:00,Alta,840928012,84092,P,PO BOX
220,840928013,18003,18003,1/1/1980 0:00:00,Alta,840928013,84092,P,PO BOX
221,840928014,18003,18003,1/1/1980 0:00:00,Alta,840928014,84092,P,PO BOX
222,840928015,18003,18003,1/1/1980 0:00:00,Alta,840928015,84092,P,PO BOX
223,840928016,18003,18003,1/1/1980 0:00:00,Alta,840928016,84092,P,PO BOX
224,840928017,18003,18003,1/1/1980 0:00:00,Alta,840928017,84092,P,PO BOX
225,840928018,18003,18003,1/1/1980 0:00:00,Alta,840928018,84092,P,PO BOX
226,840928019,18003,18003,1/1/1980 0:00:00,Alta,840928019,84092,P,PO BOX
227,840928020,18003,18003,1/1/1980 0:00:00,Alta,840928020,84092,P,PO BOX
228,840928021,18003,18003,1/1/1980 0:00:00,Alta,840928021,84092,P,PO BOX
229,840928022,18003,18003,1/1/1980 0:00:00,Alta,840928022,84092,P,PO BOX
230,840928023,18003,18003,1/1/1980 0:00:00,Alta,840928023,84092,P,PO BOX
231,840928024,18003,18003,1/1/1980 0:00:00,Alta,840928024,84092,P,PO BOX
232,840928025,18003,18003,1/1/1980 0:00:00,Alta,840928025,84092,P,PO BOX
233,840928026,18003,18003,1/1/1980 0:00:00,Alta,840928026,84092,P,PO BOX
234,840928027,18003,18003,1/1/1980 0:00:00,Alta,840928027,84092,P,PO BOX
235,840928028,18003,18003,1/1/1980 0:00:00,Alta,840928028,84092,P,PO BOX
236,840928029,18003,18003,1/1/1980 0:00:00,Alta,840928029,84092,P,PO BOX
237,840928030,18003,18003,1/1/1980 0:00:00,Alta,840928030,84092,P,PO BOX
238,840928031,18003,18003,1/1/1980 0:00:00,Alta,840928031,84092,P,PO BOX
239,840928032,18003,18003,1/1/1980 0:00:00,Alta,840928032,84092,P,PO BOX
240,840928033,18003,18003,1/1/1980 0:00:00,Alta,840928033,84092,P,PO BOX
241,840928034,18003,18003,1/1/1980 0:00:00,Alta,840928034,84092,P,PO BOX
242,840928035,18003,18003,1/1/1980 0:00:00,Alta,840928035,84092,P,PO BOX
243,840928036,18003,18003,1/1/1980 0:00:00,Alta,840928036,84092,P,PO BOX
244,840928037,18003,18003,1/1/1980 0:00:00,Alta,840928037,84092,P,PO BOX
245,840928038,18003,18003,1/1/1980 0:00:00,Alta,840928038,84092,P,PO BOX
246,840928039,18003,18003,1/1/1980 0:00:00,Alta,840928039,84092,P,PO BOX
247,840928040,18003,18003,1/1/1980 0:00:00,Alta,840928040,84092,P,PO BOX
248,840928041,18003,18003,1/1/1980 0:00:00,Alta,840928041,84092,P,PO BOX
249,840928042,18003,18003,1/1/1980 0:00:00,Alta,840928042,84092,P,PO BOX
250,840928043,18003,18003,1/1/1980 0:00:00,Alta,840928043,84092,P,PO BOX
251,840928044,18003,18003,1/1/1980 0:00:00,Alta,840928044,84092,P,PO BOX
252,840928045,18003,18003,1/1/1980 0:00:00,Alta,840928045,84092,P,PO BOX
253,840928046,18003,18003,1/1/1980 0:00:00,Alta,840928046,84092,P,PO BOX
254,840928047,18003,18003,1/1/1980 0:00:00,Alta,840928047,84092,P,PO BOX
255,840928048,18003,18003,1/1/1980 0:00:00,Alta,840928048,84092,P,PO BOX
256,840928049,18003,18003,1/1/2006 0:28:31,Alta,840928049,84092,P,PO BOX
257,840928050,18003,18003,1/1/2006 0:28:31,Alta,840928050,84092,P,PO BOX
258,840928051,18003,18003,1/1/2006 0:28:31,Alta,840928051,84092,P,PO BOX
259,840928052,18003,18003,1/1/2006 0:28:31,Alta,840928052,84092,P,PO BOX
260,840928053,18003,18003,1/1/2006 0:28:31,Alta,840928053,84092,P,PO BOX
261,840928054,18003,18003,1/1/2006 0:28:31,Alta,840928054,84092,P,PO BOX
262,840928055,18003,18003,1/1/2006 0:28:31,Alta,840928055,84092,P,PO BOX
263,840928056,18003,18003,1/1/2006 0:28:31,Alta,840928056,84092,P,PO BOX
264,840928057,18003,18003,1/1/2006 0:28:31,Alta,840928057,84092,P,PO BOX
265,840928058,18003,18003,1/1/2006 0:28:31,Alta,840928058,84092,P,PO BOX
266,840928059,18003,18003,1/1/2006 0:28:31,Alta,840928059,84092,P,PO BOX
267,840928060,18003,18003,1/1/2006 0:28:31,Alta,840928060,84092,P,PO BOX
268,840928061,18003,18003,1/1/2006 0:28:31,Alta,840928061,84092,P,PO BOX
269,840928062,18003,18003,1/1/2006 0:28:31,Alta,840928062,84092,P,PO BOX
270,840928063,18003,18003,1/1/2006 0:28:31,Alta,840928063,84092,P,PO BOX
271,840928064,18003,18003,1/1/2006 0:28:31,Alta,840928064,84092,P,PO BOX
272,840928065,18003,18003,1/1/2006 0:28:31,Alta,840928065,84092,P,PO BOX
273,840928066,18003,18003,1/1/2006 0:28:31,Alta,840928066,84092,P,PO BOX
274,840928067,18003,18003,1/1/2006 0:28:31,Alta,840928067,84092,P,PO BOX
275,840928068,18003,18003,1/1/2006 0:28:31,Alta,840928068,84092,P,PO BOX
276,840928069,18003,18003,1/1/2006 0:28:31,Alta,840928069,84092,P,PO BOX
277,840928070,18003,18003,1/1/2006 0:28:31,Alta,840928070,84092,P,PO BOX
278,840928071,18003,18003,1/1/2006 0:28:31,Alta,840928071,84092,P,PO BOX
279,840928072,18003,18003,1/1/2006 0:28:31,Alta,840928072,84092,P,PO BOX
280,840928073,18003,18003,1/1/2006 0:28:31,Alta,840928073,84092,P,PO BOX
281,840928074,18003,18003,1/1/2006 0:28:31,Alta,840928074,84092,P,PO BOX
282,840928075,18003,18003,1/1/2006 0:28:31,Alta,840928075,84092,P,PO BOX
283,840928076,18003,18003,1/1/2006 0:28:31,Alta,840928076,84092,P,PO BOX
284,840928077,18003,18003,1/1/2006 0:28:31,Alta,840928077,84092,P,PO BOX
285,840928078,18003,18003,1/1/2006 0:28:31,Alta,840928078,84092,P,PO BOX
286,840928079,18003,18003,1/1/2006 0:28:31,Alta,840928079,84092,P,PO BOX
287,840928080,18003,18003,1/1/2006 0:28:31,Alta,840928080,84092,P,PO BOX
288,840928081,18003,18003,1/1/2006 0:28:31,Alta,840928081,84092,P,PO BOX
289,840928082,18003,18003,1/1/2006 0:28:31,Alta,840928082,84092,P,PO BOX
290,840928083,18003,18003,1/1/2006 0:28:31,Alta,840928083,84092,P,PO BOX
291,840928084,18003,18003,1/1/2006 0:28:31,Alta,840928084,84092,P,PO BOX
292,840928085,18003,18003,1/1/2006 0:28:31,Alta,840928085,84092,P,PO BOX
293,840928086,18003,18003,1/1/2006 0:28:31,Alta,840928086,84092,P,PO BOX
294,840928087,18003,18003,1/1/2006 0:28:31,Alta,840928087,84092,P,PO BOX
295,840928088,18003,18003,1/1/2006 0:28:31,Alta,840928088,84092,P,PO BOX
296,840928089,18003,18003,1/1/2006 0:28:31,Alta,840928089,84092,P,PO BOX
297,840928090,18003,18003,1/1/2006 0:28:31,Alta,840928090,84092,P,PO BOX
298,840928091,18003,18003,1/1/2006 0:28:31,Alta,840928091,84092,P,PO BOX
299,840928092,18003,18003,1/1/2006 0:28:31,Alta,840928092,84092,P,PO BOX
300,840928093,18003,18003,1/1/2006 0:28:31,Alta,840928093,84092,P,PO BOX
301,840928094,18003,18003,1/1/2006 0:28:31,Alta,840928094,84092,P,PO BOX
302,840928095,18003,18003,1/1/2006 0:28:31,Alta,840928095,84092,P,PO BOX
303,840928096,18003,18003,1/1/2006 0:28:31,Alta,840928096,84092,P,PO BOX
304,840928097,18003,18003,1/1/2006 0:28:31,Alta,840928097,84092,P,PO BOX
305,840928098,18003,18003,1/1/2006 0:28:31,Alta,840928098,84092,P,PO BOX
306,840928099,18003,18003,1/1/2006 0:28:31,Alta,840928099,84092,P,PO BOX
307,840928100,18003,18003,1/1/2006 0:28:31,Alta,840928100,84092,P,PO BOX
308,840928101,18003,18003,1/1/2006 0:28:31,Alta,840928101,84092,P,PO BOX
309,840928102,18003,18003,1/1/2006 0:28:31,Alta,840928102,84092,P,PO BOX
310,840928103,18003,18003,1/1/2006 0:28:31,Alta,840928103,84092,P,PO BOX
311,840928104,18003,18003,1/1/2006 0:28:31,Alta,840928104,84092,P,PO BOX
312,840928105,18003,18003,1/1/2006 0:28:31,Alta,840928105,84092,P,PO BOX
313,840928106,18003,18003,1/1/2006 0:28:31,Alta,840928106,84092,P,PO BOX
314,840928107,18003,18003,1/1/2006 0:28:31,Alta,840928107,84092,P,PO BOX
315,840928108,18003,18003,1/1/2006 0:28:31,Alta,840928108,84092,P,PO BOX
316,840928109,18003,18003,1/1/2006 0:28:31,Alta,840928109,84092,P,PO BOX
317,840928110,18003,18003,1/1/2006 0:28:31,Alta,840928110,84092,P,PO BOX
318,840928111,18003,18003,1/1/2006 0:28:31,Alta,840928111,84092,P,PO BOX
319,840928112,18003,18003,1/1/2006 0:28:31,Alta,840928112,84092,P,PO BOX
320,840928113,18003,18003,1/1/2006 0:28:31,Alta,840928113,84092,P,PO BOX
321,840928114,18003,18003,1/1/2006 0:28:31,Alta,840928114,84092,P,PO BOX
322,840928115,18003,18003,1/1/2006 0:28:31,Alta,840928115,84092,P,PO BOX
323,840928116,18003,18003,1/1/2006 0:28:31,Alta,840928116,84092,P,PO BOX
324,840928117,18003,18003,1/1/2006 0:28:31,Alta,840928117,84092,P,PO BOX
325,840928118,18003,18003,1/1/2006 0:28:31,Alta,840928118,84092,P,PO BOX
326,840928119,18003,18003,1/1/2006 0:28:31,Alta,840928119,84092,P,PO BOX
327,840928120,18003,18003,1/1/2006 0:28:31,Alta,840928120,84092,P,PO BOX
328,840928121,18003,18003,1/1/2006 0:28:31,Alta,840928121,84092,P,PO BOX
329,840928122,18003,18003,1/1/2006 0:28:31,Alta,840928122,84092,P,PO BOX
330,840928123,18003,18003,1/1/2006 0:28:31,Alta,840928123,84092,P,PO BOX
331,840928124,18003,18003,1/1/2006 0:28:31,Alta,840928124,84092,P,PO BOX
332,840928125,18003,18003,1/1/2006 0:28:31,Alta,840928125,84092,P,PO BOX
333,840928126,18003,18003,1/1/2006 0:28:31,Alta,840928126,84092,P,PO BOX
334,840928127,18003,18003,1/1/2006 0:28:31,Alta,840928127,84092,P,PO BOX
335,840928128,18003,18003,1/1/2006 0:28:31,Alta,840928128,84092,P,PO BOX
336,840928129,18003,18003,1/1/2006 0:28:31,Alta,840928129,84092,P,PO BOX
337,840928130,18003,18003,1/1/2006 0:28:31,Alta,840928130,84092,P,PO BOX
338,840928131,18003,18003,1/1/2006 0:28:31,Alta,840928131,84092,P,PO BOX
339,840928132,18003,18003,1/1/2006 0:28:31,Alta,840928132,84092,P,PO BOX
340,840928133,18003,18003,1/1/2006 0:28:31,Alta,840928133,84092,P,PO BOX
341,840928134,18003,18003,1/1/2006 0:28:31,Alta,840928134,84092,P,PO BOX
342,840928135,18003,18003,1/1/2006 0:28:31,Alta,840928135,84092,P,PO BOX
343,840928136,18003,18003,1/1/2006 0:28:31,Alta,840928136,84092,P,PO BOX
344,840928137,18003,18003,1/1/2006 0:28:31,Alta,840928137,84092,P,PO BOX
345,840928138,18003,18003,1/1/2006 0:28:31,Alta,840928138,84092,P,PO BOX
346,840928139,18003,18003,1/1/2006 0:28:31,Alta,840928139,84092,P,PO BOX
347,840928140,18003,18003,1/1/2006 0:28:31,Alta,840928140,84092,P,PO BOX
348,840928141,18003,18003,1/1/2006 0:28:31,Alta,840928141,84092,P,PO BOX
349,840928142,18003,18003,1/1/2006 0:28:31,Alta,840928142,84092,P,PO BOX
914,847161302,9002,9002,1/1/1980 0:00:00,Boulder,847161302,84716,P,PO BOX
915,847161303,9002,9002,1/1/1980 0:00:00,Boulder,847161303,84716,P,PO BOX
916,847161304,9002,9002,1/1/2006 0:28:31,Boulder,847161304,84716,P,PO BOX
917,847161305,9002,9002,1/1/2006 0:28:31,Boulder,847161305,84716,P,PO BOX
918,847161306,9002,9002,1/1/2006 0:28:31,Boulder,847161306,84716,P,PO BOX
919,847161307,9002,9002,1/1/2006 0:28:31,Boulder,847161307,84716,P,PO BOX
920,847161308,9002,9002,1/1/2006 0:28:31,Boulder,847161308,84716,P,PO BOX
921,847161309,9002,9002,1/1/2006 0:28:31,Boulder,847161309,84716,P,PO BOX
922,847161310,9002,9002,1/1/2006 0:28:31,Boulder,847161310,84716,P,PO BOX
923,847161311,9002,9002,1/1/2006 0:28:31,Boulder,847161311,84716,P,PO BOX
924,847161312,9002,9002,1/1/2006 0:28:31,Boulder,847161312,84716,P,PO BOX
1019,847640001,9003,9003,11/15/2011 0:00:00,Bryce Canyon,847640001,84764,P,PO BOX
1134,847412001,13010,13010,3/16/2009 0:00:00,Big Water,847412001,84741,P,PO BOX
1135,847412002,13010,13010,3/16/2009 0:00:00,Big Water,847412002,84741,P,PO BOX
1136,847412003,13010,13010,3/16/2009 0:00:00,Big Water,847412003,84741,P,PO BOX
1137,847412004,13010,13010,3/16/2009 0:00:00,Big Water,847412004,84741,P,PO BOX
1138,847412005,13010,13010,3/16/2009 0:00:00,Big Water,847412005,84741,P,PO BOX
1139,847412006,13010,13010,3/16/2009 0:00:00,Big Water,847412006,84741,P,PO BOX
1140,847412007,13010,13010,3/16/2009 0:00:00,Big Water,847412007,84741,P,PO BOX
1141,847412008,13010,13010,3/16/2009 0:00:00,Big Water,847412008,84741,P,PO BOX
1142,847412009,13010,13010,3/16/2009 0:00:00,Big Water,847412009,84741,P,PO BOX
1143,847412010,13010,13010,3/16/2009 0:00:00,Big Water,847412010,84741,P,PO BOX
1144,847412011,13010,13010,3/16/2009 0:00:00,Big Water,847412011,84741,P,PO BOX
1145,847412012,13010,13010,3/16/2009 0:00:00,Big Water,847412012,84741,P,PO BOX
1146,847412013,13010,13010,3/16/2009 0:00:00,Big Water,847412013,84741,P,PO BOX
1147,847412014,13010,13010,3/16/2009 0:00:00,Big Water,847412014,84741,P,PO BOX
1148,847412015,13010,13010,3/16/2009 0:00:00,Big Water,847412015,84741,P,PO BOX
1149,847412016,13010,13010,3/16/2009 0:00:00,Big Water,847412016,84741,P,PO BOX
1150,847412017,13010,13010,3/16/2009 0:00:00,Big Water,847412017,84741,P,PO BOX
1151,847412018,13010,13010,3/16/2009 0:00:00,Big Water,847412018,84741,P,PO BOX
1152,847412019,13010,13010,3/16/2009 0:00:00,Big Water,847412019,84741,P,PO BOX
1153,847412020,13010,13010,3/16/2009 0:00:00,Big Water,847412020,84741,P,PO BOX
1154,847412021,13010,13010,3/16/2009 0:00:00,Big Water,847412021,84741,P,PO BOX
1155,847412022,13010,13010,3/16/2009 0:00:00,Big Water,847412022,84741,P,PO BOX
1156,847412023,13010,13010,3/16/2009 0:00:00,Big Water,847412023,84741,P,PO BOX
1157,847412024,13010,13010,3/16/2009 0:00:00,Big Water,847412024,84741,P,PO BOX
1158,847412025,13010,13010,3/16/2009 0:00:00,Big Water,847412025,84741,P,PO BOX
1159,847412026,13010,13010,3/16/2009 0:00:00,Big Water,847412026,84741,P,PO BOX
1160,847412027,13010,13010,3/16/2009 0:00:00,Big Water,847412027,84741,P,PO BOX
1161,847412028,13010,13010,3/16/2009 0:00:00,Big Water,847412028,84741,P,PO BOX
1162,847412029,13010,13010,3/16/2009 0:00:00,Big Water,847412029,84741,P,PO BOX
1163,847412030,13010,13010,3/16/2009 0:00:00,Big Water,847412030,84741,P,PO BOX
1164,847412031,13010,13010,3/16/2009 0:00:00,Big Water,847412031,84741,P,PO BOX
1165,847412032,13010,13010,3/16/2009 0:00:00,Big Water,847412032,84741,P,PO BOX
1166,847412033,13010,13010,3/16/2009 0:00:00,Big Water,847412033,84741,P,PO BOX
1167,847412034,13010,13010,3/16/2009 0:00:00,Big Water,847412034,84741,P,PO BOX
1168,847412035,13010,13010,3/16/2009 0:00:00,Big Water,847412035,84741,P,PO BOX
1169,847412036,13010,13010,3/16/2009 0:00:00,Big Water,847412036,84741,P,PO BOX
1170,847412037,13010,13010,3/16/2009 0:00:00,Big Water,847412037,84741,P,PO BOX
1171,847412038,13010,13010,3/16/2009 0:00:00,Big Water,847412038,84741,P,PO BOX
1172,847412039,13010,13010,3/16/2009 0:00:00,Big Water,847412039,84741,P,PO BOX
1173,847412040,13010,13010,3/16/2009 0:00:00,Big Water,847412040,84741,P,PO BOX
1174,847412041,13010,13010,3/16/2009 0:00:00,Big Water,847412041,84741,P,PO BOX
1175,847412042,13010,13010,3/16/2009 0:00:00,Big Water,847412042,84741,P,PO BOX
1176,847412043,13010,13010,3/16/2009 0:00:00,Big Water,847412043,84741,P,PO BOX
1177,847412044,13010,13010,3/16/2009 0:00:00,Big Water,847412044,84741,P,PO BOX
1178,847412045,13010,13010,3/16/2009 0:00:00,Big Water,847412045,84741,P,PO BOX
1179,847412046,13010,13010,3/16/2009 0:00:00,Big Water,847412046,84741,P,PO BOX
1180,847412047,13010,13010,3/16/2009 0:00:00,Big Water,847412047,84741,P,PO BOX
1181,847412048,13010,13010,3/16/2009 0:00:00,Big Water,847412048,84741,P,PO BOX
1182,847412049,13010,13010,3/16/2009 0:00:00,Big Water,847412049,84741,P,PO BOX
1183,847412050,13010,13010,3/16/2009 0:00:00,Big Water,847412050,84741,P,PO BOX
1184,847412051,13010,13010,3/16/2009 0:00:00,Big Water,847412051,84741,P,PO BOX
1185,847412052,13010,13010,3/16/2009 0:00:00,Big Water,847412052,84741,P,PO BOX
1186,847412053,13010,13010,3/16/2009 0:00:00,Big Water,847412053,84741,P,PO BOX
1187,847412054,13010,13010,3/16/2009 0:00:00,Big Water,847412054,84741,P,PO BOX
1188,847412055,13010,13010,3/16/2009 0:00:00,Big Water,847412055,84741,P,PO BOX
1189,847412056,13010,13010,3/16/2009 0:00:00,Big Water,847412056,84741,P,PO BOX
1190,847412057,13010,13010,3/16/2009 0:00:00,Big Water,847412057,84741,P,PO BOX
1191,847412058,13010,13010,3/16/2009 0:00:00,Big Water,847412058,84741,P,PO BOX
1192,847412059,13010,13010,3/16/2009 0:00:00,Big Water,847412059,84741,P,PO BOX
1193,847412060,13010,13010,3/16/2009 0:00:00,Big Water,847412060,84741,P,PO BOX
1194,847412061,13010,13010,3/16/2009 0:00:00,Big Water,847412061,84741,P,PO BOX
1195,847412062,13010,13010,3/16/2009 0:00:00,Big Water,847412062,84741,P,PO BOX
1196,847412063,13010,13010,3/16/2009 0:00:00,Big Water,847412063,84741,P,PO BOX
1197,847412064,13010,13010,3/16/2009 0:00:00,Big Water,847412064,84741,P,PO BOX
1198,847412065,13010,13010,3/16/2009 0:00:00,Big Water,847412065,84741,P,PO BOX
1199,847412066,13010,13010,3/16/2009 0:00:00,Big Water,847412066,84741,P,PO BOX
1200,847412067,13010,13010,3/16/2009 0:00:00,Big Water,847412067,84741,P,PO BOX
1201,847412068,13010,13010,3/16/2009 0:00:00,Big Water,847412068,84741,P,PO BOX
1202,847412069,13010,13010,3/16/2009 0:00:00,Big Water,847412069,84741,P,PO BOX
1203,847412070,13010,13010,3/16/2009 0:00:00,Big Water,847412070,84741,P,PO BOX
1204,847412071,13010,13010,3/16/2009 0:00:00,Big Water,847412071,84741,P,PO BOX
1205,847412072,13010,13010,3/16/2009 0:00:00,Big Water,847412072,84741,P,PO BOX
1206,847412073,13010,13010,3/16/2009 0:00:00,Big Water,847412073,84741,P,PO BOX
1207,847412074,13010,13010,3/16/2009 0:00:00,Big Water,847412074,84741,P,PO BOX
1208,847412075,13010,13010,3/16/2009 0:00:00,Big Water,847412075,84741,P,PO BOX
1209,847412076,13010,13010,3/16/2009 0:00:00,Big Water,847412076,84741,P,PO BOX
1210,847412077,13010,13010,3/16/2009 0:00:00,Big Water,847412077,84741,P,PO BOX
1211,847412078,13010,13010,3/16/2009 0:00:00,Big Water,847412078,84741,P,PO BOX
1212,847412079,13010,13010,3/16/2009 0:00:00,Big Water,847412079,84741,P,PO BOX
1213,847412080,13010,13010,3/16/2009 0:00:00,Big Water,847412080,84741,P,PO BOX
1214,847412081,13010,13010,3/16/2009 0:00:00,Big Water,847412081,84741,P,PO BOX
1215,847412082,13010,13010,3/16/2009 0:00:00,Big Water,847412082,84741,P,PO BOX
1216,847412083,13010,13010,3/16/2009 0:00:00,Big Water,847412083,84741,P,PO BOX
1217,847412084,13010,13010,3/16/2009 0:00:00,Big Water,847412084,84741,P,PO BOX
1218,847412085,13010,13010,3/16/2009 0:00:00,Big Water,847412085,84741,P,PO BOX
1219,847412086,13010,13010,3/16/2009 0:00:00,Big Water,847412086,84741,P,PO BOX
1220,847412087,13010,13010,3/16/2009 0:00:00,Big Water,847412087,84741,P,PO BOX
1221,847412088,13010,13010,3/16/2009 0:00:00,Big Water,847412088,84741,P,PO BOX
1222,847412089,13010,13010,3/16/2009 0:00:00,Big Water,847412089,84741,P,PO BOX
1223,847412090,13010,13010,3/16/2009 0:00:00,Big Water,847412090,84741,P,PO BOX
1224,847412091,13010,13010,3/16/2009 0:00:00,Big Water,847412091,84741,P,PO BOX
1225,847412092,13010,13010,3/16/2009 0:00:00,Big Water,847412092,84741,P,PO BOX
1226,847412093,13010,13010,3/16/2009 0:00:00,Big Water,847412093,84741,P,PO BOX
1227,847412094,13010,13010,3/16/2009 0:00:00,Big Water,847412094,84741,P,PO BOX
1228,847412095,13010,13010,3/16/2009 0:00:00,Big Water,847412095,84741,P,PO BOX
1229,847412096,13010,13010,3/16/2009 0:00:00,Big Water,847412096,84741,P,PO BOX
1230,847412097,13010,13010,3/16/2009 0:00:00,Big Water,847412097,84741,P,PO BOX
1231,847412098,13010,13010,3/16/2009 0:00:00,Big Water,847412098,84741,P,PO BOX
1232,847412099,13010,13010,3/16/2009 0:00:00,Big Water,847412099,84741,P,PO BOX
1233,847412100,13010,13010,3/16/2009 0:00:00,Big Water,847412100,84741,P,PO BOX
1234,847412101,13010,13010,3/16/2009 0:00:00,Big Water,847412101,84741,P,PO BOX
1235,847412102,13010,13010,3/16/2009 0:00:00,Big Water,847412102,84741,P,PO BOX
1236,847412103,13010,13010,3/16/2009 0:00:00,Big Water,847412103,84741,P,PO BOX
1237,847412104,13010,13010,3/16/2009 0:00:00,Big Water,847412104,84741,P,PO BOX
1238,847412105,13010,13010,3/16/2009 0:00:00,Big Water,847412105,84741,P,PO BOX
1239,847412106,13010,13010,3/16/2009 0:00:00,Big Water,847412106,84741,P,PO BOX
1240,847412107,13010,13010,3/16/2009 0:00:00,Big Water,847412107,84741,P,PO BOX
1241,847412108,13010,13010,3/16/2009 0:00:00,Big Water,847412108,84741,P,PO BOX
1242,847412109,13010,13010,3/16/2009 0:00:00,Big Water,847412109,84741,P,PO BOX
1243,847412110,13010,13010,3/16/2009 0:00:00,Big Water,847412110,84741,P,PO BOX
1244,847412111,13010,13010,3/16/2009 0:00:00,Big Water,847412111,84741,P,PO BOX
1245,847412112,13010,13010,3/16/2009 0:00:00,Big Water,847412112,84741,P,PO BOX
1246,847412113,13010,13010,3/16/2009 0:00:00,Big Water,847412113,84741,P,PO BOX
1247,847412114,13010,13010,3/16/2009 0:00:00,Big Water,847412114,84741,P,PO BOX
1248,847412115,13010,13010,3/16/2009 0:00:00,Big Water,847412115,84741,P,PO BOX
1249,847412116,13010,13010,3/16/2009 0:00:00,Big Water,847412116,84741,P,PO BOX
1250,847412117,13010,13010,3/16/2009 0:00:00,Big Water,847412117,84741,P,PO BOX
1251,847412118,13010,13010,3/16/2009 0:00:00,Big Water,847412118,84741,P,PO BOX
1252,847412119,13010,13010,3/16/2009 0:00:00,Big Water,847412119,84741,P,PO BOX
1253,847412120,13010,13010,3/16/2009 0:00:00,Big Water,847412120,84741,P,PO BOX
1254,847412121,13010,13010,3/16/2009 0:00:00,Big Water,847412121,84741,P,PO BOX
1255,847412122,13010,13010,3/16/2009 0:00:00,Big Water,847412122,84741,P,PO BOX
1256,847412123,13010,13010,3/16/2009 0:00:00,Big Water,847412123,84741,P,PO BOX
1257,847412124,13010,13010,3/16/2009 0:00:00,Big Water,847412124,84741,P,PO BOX
1258,847412125,13010,13010,3/16/2009 0:00:00,Big Water,847412125,84741,P,PO BOX
1259,847412126,13010,13010,3/16/2009 0:00:00,Big Water,847412126,84741,P,PO BOX
1260,847412127,13010,13010,3/16/2009 0:00:00,Big Water,847412127,84741,P,PO BOX
1261,847412128,13010,13010,3/16/2009 0:00:00,Big Water,847412128,84741,P,PO BOX
1262,847412129,13010,13010,3/16/2009 0:00:00,Big Water,847412129,84741,P,PO BOX
1263,847412130,13010,13010,3/16/2009 0:00:00,Big Water,847412130,84741,P,PO BOX
1264,847412131,13010,13010,3/16/2009 0:00:00,Big Water,847412131,84741,P,PO BOX
1265,847412132,13010,13010,3/16/2009 0:00:00,Big Water,847412132,84741,P,PO BOX
1266,847412133,13010,13010,3/16/2009 0:00:00,Big Water,847412133,84741,P,PO BOX
1267,847412134,13010,13010,3/16/2009 0:00:00,Big Water,847412134,84741,P,PO BOX
1268,847412141,13010,13010,3/16/2009 0:00:00,Big Water,847412141,84741,P,PO BOX
1269,847412142,13010,13010,3/16/2009 0:00:00,Big Water,847412142,84741,P,PO BOX
1270,847412143,13010,13010,3/16/2009 0:00:00,Big Water,847412143,84741,P,PO BOX
1271,847412144,13010,13010,3/16/2009 0:00:00,Big Water,847412144,84741,P,PO BOX
1272,847412151,13010,13010,3/16/2009 0:00:00,Big Water,847412151,84741,P,PO BOX
1273,847412152,13010,13010,3/16/2009 0:00:00,Big Water,847412152,84741,P,PO BOX
1274,847412153,13010,13010,3/16/2009 0:00:00,Big Water,847412153,84741,P,PO BOX
1275,847412154,13010,13010,3/16/2009 0:00:00,Big Water,847412154,84741,P,PO BOX
1276,847412155,13010,13010,3/16/2009 0:00:00,Big Water,847412155,84741,P,PO BOX
1277,847412156,13010,13010,3/16/2009 0:00:00,Big Water,847412156,84741,P,PO BOX
1278,847412157,13010,13010,3/16/2009 0:00:00,Big Water,847412157,84741,P,PO BOX
1279,847412158,13010,13010,3/16/2009 0:00:00,Big Water,847412158,84741,P,PO BOX
1280,847412159,13010,13010,3/16/2009 0:00:00,Big Water,847412159,84741,P,PO BOX
1281,847412160,13010,13010,3/16/2009 0:00:00,Big Water,847412160,84741,P,PO BOX
1282,847412161,13010,13010,3/16/2009 0:00:00,Big Water,847412161,84741,P,PO BOX
1283,847412162,13010,13010,3/16/2009 0:00:00,Big Water,847412162,84741,P,PO BOX
1284,847412163,13010,13010,3/16/2009 0:00:00,Big Water,847412163,84741,P,PO BOX
1285,847412164,13010,13010,3/16/2009 0:00:00,Big Water,847412164,84741,P,PO BOX
1286,847412171,13010,13010,3/16/2009 0:00:00,Big Water,847412171,84741,P,PO BOX
1287,847412172,13010,13010,3/16/2009 0:00:00,Big Water,847412172,84741,P,PO BOX
1288,847412173,13010,13010,3/16/2009 0:00:00,Big Water,847412173,84741,P,PO BOX
1289,847412174,13010,13010,3/16/2009 0:00:00,Big Water,847412174,84741,P,PO BOX
1290,847412181,13010,13010,3/16/2009 0:00:00,Big Water,847412181,84741,P,PO BOX
1291,847412182,13010,13010,3/16/2009 0:00:00,Big Water,847412182,84741,P,PO BOX
1292,847412183,13010,13010,3/16/2009 0:00:00,Big Water,847412183,84741,P,PO BOX
1293,847412184,13010,13010,3/16/2009 0:00:00,Big Water,847412184,84741,P,PO BOX
1294,847412185,13010,13010,3/16/2009 0:00:00,Big Water,847412185,84741,P,PO BOX
1295,847412186,13010,13010,3/16/2009 0:00:00,Big Water,847412186,84741,P,PO BOX
1296,847412187,13010,13010,3/16/2009 0:00:00,Big Water,847412187,84741,P,PO BOX
1297,847412188,13010,13010,3/16/2009 0:00:00,Big Water,847412188,84741,P,PO BOX
1298,847412189,13010,13010,3/16/2009 0:00:00,Big Water,847412189,84741,P,PO BOX
1299,847412190,13010,13010,3/16/2009 0:00:00,Big Water,847412190,84741,P,PO BOX
1300,847412191,13010,13010,3/16/2009 0:00:00,Big Water,847412191,84741,P,PO BOX
1301,847412192,13010,13010,3/16/2009 0:00:00,Big Water,847412192,84741,P,PO BOX
1302,847412193,13010,13010,3/16/2009 0:00:00,Big Water,847412193,84741,P,PO BOX
1303,847412194,13010,13010,3/16/2009 0:00:00,Big Water,847412194,84741,P,PO BOX
1304,847412195,13010,13010,3/16/2009 0:00:00,Big Water,847412195,84741,P,PO BOX
1305,847412196,13010,13010,3/16/2009 0:00:00,Big Water,847412196,84741,P,PO BOX
1306,847412197,13010,13010,3/16/2009 0:00:00,Big Water,847412197,84741,P,PO BOX
1307,847412198,13010,13010,3/16/2009 0:00:00,Big Water,847412198,84741,P,PO BOX
1308,847412199,13010,13010,3/16/2009 0:00:00,Big Water,847412199,84741,P,PO BOX
1309,847412200,13010,13010,3/16/2009 0:00:00,Big Water,847412200,84741,P,PO BOX
1310,847412201,13010,13010,3/16/2009 0:00:00,Big Water,847412201,84741,P,PO BOX
1311,847412202,13010,13010,3/16/2009 0:00:00,Big Water,847412202,84741,P,PO BOX
1312,847412203,13010,13010,3/16/2009 0:00:00,Big Water,847412203,84741,P,PO BOX
1313,847412204,13010,13010,3/16/2009 0:00:00,Big Water,847412204,84741,P,PO BOX
1314,847412205,13010,13010,3/16/2009 0:00:00,Big Water,847412205,84741,P,PO BOX
1315,847412206,13010,13010,3/16/2009 0:00:00,Big Water,847412206,84741,P,PO BOX
1316,847412207,13010,13010,3/16/2009 0:00:00,Big Water,847412207,84741,P,PO BOX
1317,847412208,13010,13010,3/16/2009 0:00:00,Big Water,847412208,84741,P,PO BOX
1318,847412209,13010,13010,3/16/2009 0:00:00,Big Water,847412209,84741,P,PO BOX
1319,847412210,13010,13010,3/16/2009 0:00:00,Big Water,847412210,84741,P,PO BOX
1320,847412211,13010,13010,3/16/2009 0:00:00,Big Water,847412211,84741,P,PO BOX
1321,847412212,13010,13010,3/16/2009 0:00:00,Big Water,847412212,84741,P,PO BOX
1322,847412213,13010,13010,3/16/2009 0:00:00,Big Water,847412213,84741,P,PO BOX
1323,847412214,13010,13010,3/16/2009 0:00:00,Big Water,847412214,84741,P,PO BOX
1324,847412215,13010,13010,3/16/2009 0:00:00,Big Water,847412215,84741,P,PO BOX
1325,847412216,13010,13010,3/16/2009 0:00:00,Big Water,847412216,84741,P,PO BOX
1326,847412217,13010,13010,3/16/2009 0:00:00,Big Water,847412217,84741,P,PO BOX
1327,847412218,13010,13010,3/16/2009 0:00:00,Big Water,847412218,84741,P,PO BOX
1328,847412219,13010,13010,3/16/2009 0:00:00,Big Water,847412219,84741,P,PO BOX
1329,847412220,13010,13010,3/16/2009 0:00:00,Big Water,847412220,84741,P,PO BOX
1330,847412221,13010,13010,3/16/2009 0:00:00,Big Water,847412221,84741,P,PO BOX
1331,847412222,13010,13010,3/16/2009 0:00:00,Big Water,847412222,84741,P,PO BOX
1332,847412223,13010,13010,3/16/2009 0:00:00,Big Water,847412223,84741,P,PO BOX
1333,847412224,13010,13010,3/16/2009 0:00:00,Big Water,847412224,84741,P,PO BOX
1334,847412225,13010,13010,3/16/2009 0:00:00,Big Water,847412225,84741,P,PO BOX
1335,847412226,13010,13010,3/16/2009 0:00:00,Big Water,847412226,84741,P,PO BOX
1336,847412227,13010,13010,3/16/2009 0:00:00,Big Water,847412227,84741,P,PO BOX
1337,847412228,13010,13010,3/16/2009 0:00:00,Big Water,847412228,84741,P,PO BOX
1338,847412229,13010,13010,3/16/2009 0:00:00,Big Water,847412229,84741,P,PO BOX
1339,847412230,13010,13010,3/16/2009 0:00:00,Big Water,847412230,84741,P,PO BOX
1340,847412231,13010,13010,3/16/2009 0:00:00,Big Water,847412231,84741,P,PO BOX
1341,847412232,13010,13010,3/16/2009 0:00:00,Big Water,847412232,84741,P,PO BOX
1342,847412233,13010,13010,3/16/2009 0:00:00,Big Water,847412233,84741,P,PO BOX
1343,847412234,13010,13010,3/16/2009 0:00:00,Big Water,847412234,84741,P,PO BOX
1344,847412235,13010,13010,3/16/2009 0:00:00,Big Water,847412235,84741,P,PO BOX
1345,847412236,13010,13010,3/16/2009 0:00:00,Big Water,847412236,84741,P,PO BOX
1346,847412237,13010,13010,3/16/2009 0:00:00,Big Water,847412237,84741,P,PO BOX
1347,847412238,13010,13010,3/16/2009 0:00:00,Big Water,847412238,84741,P,PO BOX
1348,847412239,13010,13010,3/16/2009 0:00:00,Big Water,847412239,84741,P,PO BOX
1349,847412240,13010,13010,3/16/2009 0:00:00,Big Water,847412240,84741,P,PO BOX
1350,847412241,13010,13010,3/16/2009 0:00:00,Big Water,847412241,84741,P,PO BOX
1351,847412242,13010,13010,3/16/2009 0:00:00,Big Water,847412242,84741,P,PO BOX
1352,847412243,13010,13010,3/16/2009 0:00:00,Big Water,847412243,84741,P,PO BOX
1353,847412244,13010,13010,3/16/2009 0:00:00,Big Water,847412244,84741,P,PO BOX
1354,847412245,13010,13010,3/16/2009 0:00:00,Big Water,847412245,84741,P,PO BOX
1355,847412246,13010,13010,3/16/2009 0:00:00,Big Water,847412246,84741,P,PO BOX
1356,847412247,13010,13010,3/16/2009 0:00:00,Big Water,847412247,84741,P,PO BOX
1357,847412248,13010,13010,3/16/2009 0:00:00,Big Water,847412248,84741,P,PO BOX
1358,847412249,13010,13010,3/16/2009 0:00:00,Big Water,847412249,84741,P,PO BOX
1359,847412250,13010,13010,3/16/2009 0:00:00,Big Water,847412240,84741,P,PO BOX
1360,847412251,13010,13010,3/16/2009 0:00:00,Big Water,847412251,84741,P,PO BOX
1361,847412252,13010,13010,3/16/2009 0:00:00,Big Water,847412252,84741,P,PO BOX
1362,847412253,13010,13010,3/16/2009 0:00:00,Big Water,847412253,84741,P,PO BOX
1363,847412254,13010,13010,3/16/2009 0:00:00,Big Water,847412254,84741,P,PO BOX
1364,847412255,13010,13010,3/16/2009 0:00:00,Big Water,847412255,84741,P,PO BOX
1365,847412256,13010,13010,3/16/2009 0:00:00,Big Water,847412256,84741,P,PO BOX
1366,847412257,13010,13010,3/16/2009 0:00:00,Big Water,847412257,84741,P,PO BOX
1367,847412258,13010,13010,3/16/2009 0:00:00,Big Water,847412258,84741,P,PO BOX
1368,847412259,13010,13010,3/16/2009 0:00:00,Big Water,847412259,84741,P,PO BOX
1369,847412260,13010,13010,3/16/2009 0:00:00,Big Water,847412260,84741,P,PO BOX
1370,847412261,13010,13010,3/16/2009 0:00:00,Big Water,847412261,84741,P,PO BOX
1371,847412262,13010,13010,3/16/2009 0:00:00,Big Water,847412262,84741,P,PO BOX
1372,847412263,13010,13010,3/16/2009 0:00:00,Big Water,847412263,84741,P,PO BOX
1373,847412264,13010,13010,3/16/2009 0:00:00,Big Water,847412264,84741,P,PO BOX
1374,847412265,13010,13010,3/16/2009 0:00:00,Big Water,847412265,84741,P,PO BOX
1375,847412266,13010,13010,3/16/2009 0:00:00,Big Water,847412266,84741,P,PO BOX
1376,847412267,13010,13010,3/16/2009 0:00:00,Big Water,847412267,84741,P,PO BOX
1377,847412268,13010,13010,3/16/2009 0:00:00,Big Water,847412268,84741,P,PO BOX
1378,847412269,13010,13010,3/16/2009 0:00:00,Big Water,847412269,84741,P,PO BOX
1379,847412270,13010,13010,3/16/2009 0:00:00,Big Water,847412270,84741,P,PO BOX
1380,847412271,13010,13010,3/16/2009 0:00:00,Big Water,847412271,84741,P,PO BOX
1381,847412272,13010,13010,3/16/2009 0:00:00,Big Water,847412272,84741,P,PO BOX
1382,847412273,13010,13010,3/16/2009 0:00:00,Big Water,847412273,84741,P,PO BOX
1383,847412274,13010,13010,3/16/2009 0:00:00,Big Water,847412274,84741,P,PO BOX
1384,847412275,13010,13010,3/16/2009 0:00:00,Big Water,847412275,84741,P,PO BOX
1385,847412276,13010,13010,3/16/2009 0:00:00,Big Water,847412276,84741,P,PO BOX
1386,847412277,13010,13010,3/16/2009 0:00:00,Big Water,847412277,84741,P,PO BOX
1387,847412278,13010,13010,3/16/2009 0:00:00,Big Water,847412278,84741,P,PO BOX
1388,847412279,13010,13010,3/16/2009 0:00:00,Big Water,847412279,84741,P,PO BOX
1389,847412280,13010,13010,3/16/2009 0:00:00,Big Water,847412280,84741,P,PO BOX
1390,847412281,13010,13010,3/16/2009 0:00:00,Big Water,847412281,84741,P,PO BOX
1391,847412282,13010,13010,3/16/2009 0:00:00,Big Water,847412282,84741,P,PO BOX
1392,847412283,13010,13010,3/16/2009 0:00:00,Big Water,847412283,84741,P,PO BOX
1393,847412284,13010,13010,3/16/2009 0:00:00,Big Water,847412284,84741,P,PO BOX
1394,847412285,13010,13010,3/16/2009 0:00:00,Big Water,847412285,84741,P,PO BOX
1395,847412286,13010,13010,3/16/2009 0:00:00,Big Water,847412286,84741,P,PO BOX
1396,847412291,13010,13010,3/16/2009 0:00:00,Big Water,847412291,84741,P,PO BOX
1397,847412292,13010,13010,3/16/2009 0:00:00,Big Water,847412292,84741,P,PO BOX
1398,847412301,13010,13010,3/16/2009 0:00:00,Big Water,847412301,84741,P,PO BOX
1399,847412302,13010,13010,3/16/2009 0:00:00,Big Water,847412302,84741,P,PO BOX
1400,847412303,13010,13010,3/16/2009 0:00:00,Big Water,847412303,84741,P,PO BOX
1401,847412311,13010,13010,3/16/2009 0:00:00,Big Water,847412311,84741,P,PO BOX
1402,847412312,13010,13010,3/16/2009 0:00:00,Big Water,847412312,84741,P,PO BOX
1403,847412313,13010,13010,3/16/2009 0:00:00,Big Water,847412313,84741,P,PO BOX
1404,847412314,13010,13010,3/16/2009 0:00:00,Big Water,847412314,84741,P,PO BOX
1405,847412315,13010,13010,3/16/2009 0:00:00,Big Water,847412315,84741,P,PO BOX
1406,847412316,13010,13010,3/16/2009 0:00:00,Big Water,847412316,84741,P,PO BOX
1407,847412321,13010,13010,3/16/2009 0:00:00,Big Water,847412321,84741,P,PO BOX
1408,847412322,13010,13010,3/16/2009 0:00:00,Big Water,847412322,84741,P,PO BOX
1409,847412331,13010,13010,3/16/2009 0:00:00,Big Water,847412331,84741,P,PO BOX
1410,847412332,13010,13010,3/16/2009 0:00:00,Big Water,847412332,84741,P,PO BOX
1411,847412333,13010,13010,3/16/2009 0:00:00,Big Water,847412333,84741,P,PO BOX
1412,847412334,13010,13010,3/16/2009 0:00:00,Big Water,847412334,84741,P,PO BOX
1414,847412336,13010,13010,3/16/2009 0:00:00,Big Water,847412336,84741,P,PO BOX
1415,847412337,13010,13010,3/16/2009 0:00:00,Big Water,847412337,84741,P,PO BOX
1416,847412338,13010,13010,3/16/2009 0:00:00,Big Water,847412338,84741,P,PO BOX
1417,847412339,13010,13010,3/16/2009 0:00:00,Big Water,847412339,84741,P,PO BOX
1418,847412340,13010,13010,3/16/2009 0:00:00,Big Water,847412340,84741,P,PO BOX
1419,847412341,13010,13010,3/16/2009 0:00:00,Big Water,847412341,84741,P,PO BOX
1420,847412342,13010,13010,3/16/2009 0:00:00,Big Water,847412342,84741,P,PO BOX
1421,847412343,13010,13010,3/16/2009 0:00:00,Big Water,847412343,84741,P,PO BOX
1422,847412344,13010,13010,3/16/2009 0:00:00,Big Water,847412344,84741,P,PO BOX
1423,847412345,13010,13010,3/16/2009 0:00:00,Big Water,847412345,84741,P,PO BOX
1424,847412346,13010,13010,3/16/2009 0:00:00,Big Water,847412346,84741,P,PO BOX
1425,847412347,13010,13010,3/16/2009 0:00:00,Big Water,847412347,84741,P,PO BOX
1426,847412348,13010,13010,3/16/2009 0:00:00,Big Water,847412348,84741,P,PO BOX
1427,847412349,13010,13010,3/16/2009 0:00:00,Big Water,847412349,84741,P,PO BOX
1428,847412350,13010,13010,3/16/2009 0:00:00,Big Water,847412350,84741,P,PO BOX
1429,847412351,13010,13010,3/16/2009 0:00:00,Big Water,847412351,84741,P,PO BOX
1430,847412352,13010,13010,3/16/2009 0:00:00,Big Water,847412352,84741,P,PO BOX
1431,847412353,13010,13010,3/16/2009 0:00:00,Big Water,847412353,84741,P,PO BOX
1432,847412354,13010,13010,3/16/2009 0:00:00,Big Water,847412354,84741,P,PO BOX
1433,847412355,13010,13010,3/16/2009 0:00:00,Big Water,847412355,84741,P,PO BOX
1434,847412356,13010,13010,3/16/2009 0:00:00,Big Water,847412356,84741,P,PO BOX
1435,847412357,13010,13010,3/16/2009 0:00:00,Big Water,847412357,84741,P,PO BOX
1436,847412358,13010,13010,3/16/2009 0:00:00,Big Water,847412358,84741,P,PO BOX
1437,847412359,13010,13010,3/16/2009 0:00:00,Big Water,847412359,84741,P,PO BOX
1438,847412360,13010,13010,3/16/2009 0:00:00,Big Water,847412360,84741,P,PO BOX
1439,847412361,13010,13010,3/16/2009 0:00:00,Big Water,847412361,84741,P,PO BOX
1440,847412362,13010,13010,3/16/2009 0:00:00,Big Water,847412362,84741,P,PO BOX
1441,847412363,13010,13010,3/16/2009 0:00:00,Big Water,847412363,84741,P,PO BOX
1442,847412364,13010,13010,3/16/2009 0:00:00,Big Water,847412364,84741,P,PO BOX
1443,847412365,13010,13010,3/16/2009 0:00:00,Big Water,847412365,84741,P,PO BOX
1444,847412366,13010,13010,3/16/2009 0:00:00,Big Water,847412366,84741,P,PO BOX
1445,847412367,13010,13010,3/16/2009 0:00:00,Big Water,847412367,84741,P,PO BOX
1446,847412368,13010,13010,3/16/2009 0:00:00,Big Water,847412368,84741,P,PO BOX
1447,847412369,13010,13010,3/16/2009 0:00:00,Big Water,847412369,84741,P,PO BOX
1448,847412370,13010,13010,3/16/2009 0:00:00,Big Water,847412370,84741,P,PO BOX
1449,847412371,13010,13010,3/16/2009 0:00:00,Big Water,847412371,84741,P,PO BOX
1450,847412372,13010,13010,3/16/2009 0:00:00,Big Water,847412372,84741,P,PO BOX
1451,847412373,13010,13010,3/16/2009 0:00:00,Big Water,847412373,84741,P,PO BOX
1452,847412374,13010,13010,3/16/2009 0:00:00,Big Water,847412374,84741,P,PO BOX
1453,847412375,13010,13010,3/16/2009 0:00:00,Big Water,847412375,84741,P,PO BOX
1454,847412376,13010,13010,3/16/2009 0:00:00,Big Water,847412376,84741,P,PO BOX
1455,847412377,13010,13010,3/16/2009 0:00:00,Big Water,847412377,84741,P,PO BOX
1456,847412378,13010,13010,3/16/2009 0:00:00,Big Water,847412378,84741,P,PO BOX
1457,847412379,13010,13010,3/16/2009 0:00:00,Big Water,847412379,84741,P,PO BOX
1458,847412380,13010,13010,3/16/2009 0:00:00,Big Water,847412380,84741,P,PO BOX
1459,847412381,13010,13010,3/16/2009 0:00:00,Big Water,847412381,84741,P,PO BOX
1460,847412382,13010,13010,3/16/2009 0:00:00,Big Water,847412382,84741,P,PO BOX
1461,847412383,13010,13010,3/16/2009 0:00:00,Big Water,847412383,84741,P,PO BOX
1462,847412384,13010,13010,3/16/2009 0:00:00,Big Water,847412384,84741,P,PO BOX
1463,847412385,13010,13010,3/16/2009 0:00:00,Big Water,847412385,84741,P,PO BOX
1464,847412386,13010,13010,3/16/2009 0:00:00,Big Water,847412386,84741,P,PO BOX
1465,847412387,13010,13010,3/16/2009 0:00:00,Big Water,847412387,84741,P,PO BOX
1466,847412388,13010,13010,3/16/2009 0:00:00,Big Water,847412388,84741,P,PO BOX
1467,847412389,13010,13010,3/16/2009 0:00:00,Big Water,847412389,84741,P,PO BOX
1468,847412390,13010,13010,3/16/2009 0:00:00,Big Water,847412390,84741,P,PO BOX
1469,847412391,13010,13010,3/16/2009 0:00:00,Big Water,847412391,84741,P,PO BOX
1470,847412392,13010,13010,3/16/2009 0:00:00,Big Water,847412392,84741,P,PO BOX
1471,847412393,13010,13010,3/16/2009 0:00:00,Big Water,847412393,84741,P,PO BOX
1472,847412394,13010,13010,3/16/2009 0:00:00,Big Water,847412394,84741,P,PO BOX
1473,847412395,13010,13010,3/16/2009 0:00:00,Big Water,847412395,84741,P,PO BOX
1474,847412396,13010,13010,3/16/2009 0:00:00,Big Water,847412396,84741,P,PO BOX
1482,847640002,9003,9003,11/15/2011 0:00:00,Bryce Canyon,847640002,84764,P,PO BOX
1483,847640003,9003,9003,11/15/2011 0:00:00,Bryce Canyon,847640003,84764,P,PO BOX
1484,847640004,9003,9003,11/15/2011 0:00:00,Bryce Canyon,847640004,84764,P,PO BOX
1485,847640005,9003,9003,11/15/2011 0:00:00,Bryce Canyon,847640005,84764,P,PO BOX
1486,847640006,9003,9003,11/15/2011 0:00:00,Bryce Canyon,847640006,84764,P,PO BOX
1487,847640007,9003,9003,11/15/2011 0:00:00,Bryce Canyon,847640007,84764,P,PO BOX
1488,847640008,9003,9003,11/15/2011 0:00:00,Bryce Canyon,847640008,84764,P,PO BOX
1489,847640009,9003,9003,11/15/2011 0:00:00,Bryce Canyon,847640009,84764,P,PO BOX
1490,847640010,9003,9003,11/15/2011 0:00:00,Bryce Canyon,847640010,84764,P,PO BOX
1491,847640011,9003,9003,11/15/2011 0:00:00,Bryce Canyon,847640011,84764,P,PO BOX
1492,847640012,9003,9003,11/15/2011 0:00:00,Bryce Canyon,847640012,84764,P,PO BOX
1493,847640013,9003,9003,11/15/2011 0:00:00,Bryce Canyon,847640013,84764,P,PO BOX
1494,847640014,9003,9003,11/15/2011 0:00:00,Bryce Canyon,847640014,84764,P,PO BOX
1495,847640015,9003,9003,11/15/2011 0:00:00,Bryce Canyon,847640015,84764,P,PO BOX
1496,847640016,9003,9003,11/15/2011 0:00:00,Bryce Canyon,847640016,84764,P,PO BOX
1497,847640017,9003,9003,11/15/2011 0:00:00,Bryce Canyon,847640017,84764,P,PO BOX
1498,847640018,9003,9003,11/15/2011 0:00:00,Bryce Canyon,847640018,84764,P,PO BOX
1499,847640019,9003,9003,11/15/2011 0:00:00,Bryce Canyon,847640019,84764,P,PO BOX
1500,847640020,9003,9003,11/15/2011 0:00:00,Bryce Canyon,847640020,84764,P,PO BOX
1501,847640021,9003,9003,11/15/2011 0:00:00,Bryce Canyon,847640021,84764,P,PO BOX
1502,847640025,9003,9003,11/15/2011 0:00:00,Bryce Canyon,847640025,84764,P,PO BOX
1503,847640026,9003,9003,11/15/2011 0:00:00,Bryce Canyon,847640026,84764,P,PO BOX
1504,847640027,9003,9003,11/15/2011 0:00:00,Bryce Canyon,847640027,84764,P,PO BOX
1505,847640028,9003,9003,11/15/2011 0:00:00,Bryce Canyon,847640028,84764,P,PO BOX
1506,847640029,9003,9003,11/15/2011 0:00:00,Bryce Canyon,847640029,84764,P,PO BOX
1507,847640030,9003,9003,11/15/2011 0:00:00,Bryce Canyon,847640030,84764,P,PO BOX
1508,847640031,9003,9003,11/15/2011 0:00:00,Bryce Canyon,847640031,84764,P,PO BOX
1509,847640032,9003,9003,11/15/2011 0:00:00,Bryce Canyon,847640032,84764,P,PO BOX
1510,847640033,9003,9003,11/15/2011 0:00:00,Bryce Canyon,847640033,84764,P,PO BOX
1511,847640034,9003,9003,11/15/2011 0:00:00,Bryce Canyon,847640034,84764,P,PO BOX
1512,847640035,9003,9003,11/15/2011 0:00:00,Bryce Canyon,847640035,84764,P,PO BOX
1513,847640036,9003,9003,11/15/2011 0:00:00,Bryce Canyon,847640036,84764,P,PO BOX
1514,847640037,9003,9003,11/15/2011 0:00:00,Bryce Canyon,847640037,84764,P,PO BOX
1515,847640038,9003,9003,11/15/2011 0:00:00,Bryce Canyon,847640038,84764,P,PO BOX
1516,847640039,9003,9003,11/15/2011 0:00:00,Bryce Canyon,847640039,84764,P,PO BOX
1517,847640040,9003,9003,11/15/2011 0:00:00,Bryce Canyon,847640040,84764,P,PO BOX
1518,847640041,9003,9003,11/15/2011 0:00:00,Bryce Canyon,847640041,84764,P,PO BOX
1519,847640042,9003,9003,11/15/2011 0:00:00,Bryce Canyon,847640042,84764,P,PO BOX
1520,847640043,9003,9003,11/15/2011 0:00:00,Bryce Canyon,847640043,84764,P,PO BOX
1521,847640044,9003,9003,11/15/2011 0:00:00,Bryce Canyon,847640044,84764,P,PO BOX
1522,847640045,9003,9003,11/15/2011 0:00:00,Bryce Canyon,847640045,84764,P,PO BOX
1523,847640046,9003,9003,11/15/2011 0:00:00,Bryce Canyon,847640046,84764,P,PO BOX
1524,847640047,9003,9003,11/15/2011 0:00:00,Bryce Canyon,847640047,84764,P,PO BOX
1525,847640048,9003,9003,11/15/2011 0:00:00,Bryce Canyon,847640048,84764,P,PO BOX
1526,847640049,9003,9003,11/15/2011 0:00:00,Bryce Canyon,847640049,84764,P,PO BOX
1527,847640050,9003,9003,11/15/2011 0:00:00,Bryce Canyon,847640050,84764,P,PO BOX
1528,847640051,9003,9003,11/15/2011 0:00:00,Bryce Canyon,847640051,84764,P,PO BOX
1529,847640052,9003,9003,11/15/2011 0:00:00,Bryce Canyon,847640052,84764,P,PO BOX
1530,847640053,9003,9003,11/15/2011 0:00:00,Bryce Canyon,847640053,84764,P,PO BOX
1531,847640054,9003,9003,11/15/2011 0:00:00,Bryce Canyon,847640054,84764,P,PO BOX
1532,847640055,9003,9003,11/15/2011 0:00:00,Bryce Canyon,847640055,84764,P,PO BOX
1533,847640056,9003,9003,11/15/2011 0:00:00,Bryce Canyon,847640056,84764,P,PO BOX
1534,847640057,9003,9003,11/15/2011 0:00:00,Bryce Canyon,847640057,84764,P,PO BOX
1535,847640058,9003,9003,11/15/2011 0:00:00,Bryce Canyon,847640058,84764,P,PO BOX
1536,847640059,9003,9003,11/15/2011 0:00:00,Bryce Canyon,847640059,84764,P,PO BOX
1537,847640060,9003,9003,11/15/2011 0:00:00,Bryce Canyon,847640060,84764,P,PO BOX
1538,847640061,9003,9003,11/15/2011 0:00:00,Bryce Canyon,847640061,84764,P,PO BOX
1539,847640062,9003,9003,11/15/2011 0:00:00,Bryce Canyon,847640062,84764,P,PO BOX
1540,847640063,9003,9003,11/15/2011 0:00:00,Bryce Canyon,847640063,84764,P,PO BOX
1541,847640064,9003,9003,11/15/2011 0:00:00,Bryce Canyon,847640064,84764,P,PO BOX
1542,847640065,9003,9003,11/15/2011 0:00:00,Bryce Canyon,847640065,84764,P,PO BOX
1544,847640067,9003,9003,11/15/2011 0:00:00,Bryce Canyon,847640067,84764,P,PO BOX
1545,847640068,9003,9003,11/15/2011 0:00:00,Bryce Canyon,847640068,84764,P,PO BOX
1546,847640069,9003,9003,11/15/2011 0:00:00,Bryce Canyon,847640069,84764,P,PO BOX
1547,847640070,9003,9003,11/15/2011 0:00:00,Bryce Canyon,847640070,84764,P,PO BOX
1548,847640071,9003,9003,11/15/2011 0:00:00,Bryce Canyon,847640071,84764,P,PO BOX
1549,847640072,9003,9003,11/15/2011 0:00:00,Bryce Canyon,847640072,84764,P,PO BOX
1550,847640073,9003,9003,11/15/2011 0:00:00,Bryce Canyon,847640073,84764,P,PO BOX
1551,847640074,9003,9003,11/15/2011 0:00:00,Bryce Canyon,847640074,84764,P,PO BOX
1552,847640075,9003,9003,11/15/2011 0:00:00,Bryce Canyon,847640075,84764,P,PO BOX
1553,847640076,9003,9003,11/15/2011 0:00:00,Bryce Canyon,847640076,84764,P,PO BOX
1554,847640077,9003,9003,11/15/2011 0:00:00,Bryce Canyon,847640077,84764,P,PO BOX
1555,847640078,9003,9003,11/15/2011 0:00:00,Bryce Canyon,847640078,84764,P,PO BOX
1556,847640079,9003,9003,11/15/2011 0:00:00,Bryce Canyon,847640079,84764,P,PO BOX
1557,847640080,9003,9003,11/15/2011 0:00:00,Bryce Canyon,847640080,84764,P,PO BOX
1558,847640081,9003,9003,11/15/2011 0:00:00,Bryce Canyon,847640081,84764,P,PO BOX
1559,847640082,9003,9003,11/15/2011 0:00:00,Bryce Canyon,847640082,84764,P,PO BOX
1560,847640083,9003,9003,11/15/2011 0:00:00,Bryce Canyon,847640083,84764,P,PO BOX
1561,847640084,9003,9003,11/15/2011 0:00:00,Bryce Canyon,847640084,84764,P,PO BOX
1562,847640085,9003,9003,11/15/2011 0:00:00,Bryce Canyon,847640085,84764,P,PO BOX
1563,847640086,9003,9003,11/15/2011 0:00:00,Bryce Canyon,847640086,84764,P,PO BOX
1564,847640087,9003,9003,11/15/2011 0:00:00,Bryce Canyon,847640087,84764,P,PO BOX
1565,847640088,9003,9003,11/15/2011 0:00:00,Bryce Canyon,847640088,84764,P,PO BOX
1566,847640089,9003,9003,11/15/2011 0:00:00,Bryce Canyon,847640089,84764,P,PO BOX
1567,847640090,9003,9003,11/15/2011 0:00:00,Bryce Canyon,847640090,84764,P,PO BOX
1568,847640100,9003,9003,11/15/2011 0:00:00,Bryce Canyon,847640100,84764,P,PO BOX
1569,847640101,9003,9003,11/15/2011 0:00:00,Bryce Canyon,847640101,84764,P,PO BOX
1570,847640102,9003,9003,11/15/2011 0:00:00,Bryce Canyon,847640102,84764,P,PO BOX
1571,847640103,9003,9003,11/15/2011 0:00:00,Bryce Canyon,847640103,84764,P,PO BOX
1572,847640104,9003,9003,11/15/2011 0:00:00,Bryce Canyon,847640104,84764,P,PO BOX
1573,847640105,9003,9003,11/15/2011 0:00:00,Bryce Canyon,847640105,84764,P,PO BOX
1574,847640106,9003,9003,11/15/2011 0:00:00,Bryce Canyon,847640106,84764,P,PO BOX
1575,847640107,9003,9003,11/15/2011 0:00:00,Bryce Canyon,847640107,84764,P,PO BOX
1576,847640108,9003,9003,11/15/2011 0:00:00,Bryce Canyon,847640108,84764,P,PO BOX
1577,847640109,9003,9003,11/15/2011 0:00:00,Bryce Canyon,847640109,84764,P,PO BOX
1578,847640110,9003,9003,11/15/2011 0:00:00,Bryce Canyon,847640110,84764,P,PO BOX
1579,847640111,9003,9003,11/15/2011 0:00:00,Bryce Canyon,847640111,84764,P,PO BOX
1580,847640112,9003,9003,11/15/2011 0:00:00,Bryce Canyon,847640112,84764,P,PO BOX
1581,847640113,9003,9003,11/15/2011 0:00:00,Bryce Canyon,847640113,84764,P,PO BOX
1582,847640114,9003,9003,11/15/2011 0:00:00,Bryce Canyon,847640114,84764,P,PO BOX
1583,847640115,9003,9003,11/15/2011 0:00:00,Bryce Canyon,847640115,84764,P,PO BOX
1584,847640116,9003,9003,11/15/2011 0:00:00,Bryce Canyon,847640116,84764,P,PO BOX
1585,847640117,9003,9003,11/15/2011 0:00:00,Bryce Canyon,847640117,84764,P,PO BOX
1586,847640118,9003,9003,11/15/2011 0:00:00,Bryce Canyon,847640118,84764,P,PO BOX
1587,847640119,9003,9003,11/15/2011 0:00:00,Bryce Canyon,847640119,84764,P,PO BOX
1588,847640120,9003,9003,11/15/2011 0:00:00,Bryce Canyon,847640120,84764,P,PO BOX
1589,847640121,9003,9003,11/15/2011 0:00:00,Bryce Canyon,847640121,84764,P,PO BOX
1590,847640122,9003,9003,11/15/2011 0:00:00,Bryce Canyon,847640122,84764,P,PO BOX
1591,847640123,9003,9003,11/15/2011 0:00:00,Bryce Canyon,847640123,84764,P,PO BOX
1592,847640124,9003,9003,11/15/2011 0:00:00,Bryce Canyon,847640124,84764,P,PO BOX
1593,847640201,9003,9003,11/15/2011 0:00:00,Bryce Canyon,847640201,84764,P,PO BOX
1594,847640202,9003,9003,11/15/2011 0:00:00,Bryce Canyon,847640202,84764,P,PO BOX
1595,847640203,9003,9003,11/15/2011 0:00:00,Bryce Canyon,847640203,84764,P,PO BOX
1596,847640204,9003,9003,11/15/2011 0:00:00,Bryce Canyon,847640204,84764,P,PO BOX
1597,847640205,9003,9003,11/15/2011 0:00:00,Bryce Canyon,847640205,84764,P,PO BOX
1598,847640206,9003,9003,11/15/2011 0:00:00,Bryce Canyon,847640206,84764,P,PO BOX
1599,847640207,9003,9003,11/15/2011 0:00:00,Bryce Canyon,847640207,84764,P,PO BOX
1600,847640208,9003,9003,11/15/2011 0:00:00,Bryce Canyon,847640208,84764,P,PO BOX
1601,847640209,9003,9003,11/15/2011 0:00:00,Bryce Canyon,847640209,84764,P,PO BOX
1602,847640210,9003,9003,11/15/2011 0:00:00,Bryce Canyon,847640210,84764,P,PO BOX
1603,847640211,9003,9003,11/15/2011 0:00:00,Bryce Canyon,847640211,84764,P,PO BOX
1604,847640212,9003,9003,11/15/2011 0:00:00,Bryce Canyon,847640212,84764,P,PO BOX
1605,847640213,9003,9003,11/15/2011 0:00:00,Bryce Canyon,847640213,84764,P,PO BOX
1606,847640214,9003,9003,11/15/2011 0:00:00,Bryce Canyon,847640214,84764,P,PO BOX
1607,847640215,9003,9003,11/15/2011 0:00:00,Bryce Canyon,847640215,84764,P,PO BOX
1608,847640216,9003,9003,11/15/2011 0:00:00,Bryce Canyon,847640216,84764,P,PO BOX
1609,847640217,9003,9003,11/15/2011 0:00:00,Bryce Canyon,847640217,84764,P,PO BOX
1610,847640218,9003,9003,11/15/2011 0:00:00,Bryce Canyon,847640218,84764,P,PO BOX
1611,847640219,9003,9003,11/15/2011 0:00:00,Bryce Canyon,847640219,84764,P,PO BOX
1612,847640220,9003,9003,11/15/2011 0:00:00,Bryce Canyon,847640220,84764,P,PO BOX
1613,847640221,9003,9003,11/15/2011 0:00:00,Bryce Canyon,847640221,84764,P,PO BOX
1614,847640222,9003,9003,11/15/2011 0:00:00,Bryce Canyon,847640222,84764,P,PO BOX
1615,847640223,9003,9003,11/15/2011 0:00:00,Bryce Canyon,847640223,84764,P,PO BOX
1616,847640224,9003,9003,11/15/2011 0:00:00,Bryce Canyon,847640224,84764,P,PO BOX
1617,847640225,9003,9003,11/15/2011 0:00:00,Bryce Canyon,847640225,84764,P,PO BOX
1618,847640226,9003,9003,11/15/2011 0:00:00,Bryce Canyon,847640226,84764,P,PO BOX
1619,847640227,9003,9003,11/15/2011 0:00:00,Bryce Canyon,847640227,84764,P,PO BOX
1620,847640228,9003,9003,11/15/2011 0:00:00,Bryce Canyon,847640228,84764,P,PO BOX
1621,847640229,9003,9003,11/15/2011 0:00:00,Bryce Canyon,847640229,84764,P,PO BOX
1622,847640230,9003,9003,11/15/2011 0:00:00,Bryce Canyon,847640230,84764,P,PO BOX
1623,847640231,9003,9003,11/15/2011 0:00:00,Bryce Canyon,847640231,84764,P,PO BOX
1624,847640232,9003,9003,11/15/2011 0:00:00,Bryce Canyon,847640231,84764,P,PO BOX
1625,847640233,9003,9003,11/15/2011 0:00:00,Bryce Canyon,847640233,84764,P,PO BOX
1626,847640234,9003,9003,11/15/2011 0:00:00,Bryce Canyon,847640234,84764,P,PO BOX
1627,847640235,9003,9003,11/15/2011 0:00:00,Bryce Canyon,847640235,84764,P,PO BOX
1628,847640236,9003,9003,11/15/2011 0:00:00,Bryce Canyon,847640236,84764,P,PO BOX
1629,847640237,9003,9003,11/15/2011 0:00:00,Bryce Canyon,847640237,84764,P,PO BOX
1630,847640238,9003,9003,11/15/2011 0:00:00,Bryce Canyon,847640238,84764,P,PO BOX
1631,847640239,9003,9003,11/15/2011 0:00:00,Bryce Canyon,847640239,84764,P,PO BOX
1632,847640240,9003,9003,11/15/2011 0:00:00,Bryce Canyon,847640240,84764,P,PO BOX
1633,847640241,9003,9003,11/15/2011 0:00:00,Bryce Canyon,847640241,84764,P,PO BOX
1634,847640242,9003,9003,11/15/2011 0:00:00,Bryce Canyon,847640242,84764,P,PO BOX
1635,847640243,9003,9003,11/15/2011 0:00:00,Bryce Canyon,847640243,84764,P,PO BOX
1636,847640244,9003,9003,11/15/2011 0:00:00,Bryce Canyon,847640244,84764,P,PO BOX
1637,847640245,9003,9003,11/15/2011 0:00:00,Bryce Canyon,847640245,84764,P,PO BOX
1638,847640246,9003,9003,11/15/2011 0:00:00,Bryce Canyon,847640246,84764,P,PO BOX
1639,847640247,9003,9003,11/15/2011 0:00:00,Bryce Canyon,847640247,84764,P,PO BOX
1640,847640248,9003,9003,11/15/2011 0:00:00,Bryce Canyon,847640248,84764,P,PO BOX
1641,847640249,9003,9003,11/15/2011 0:00:00,Bryce Canyon,847640249,84764,P,PO BOX
1642,847640250,9003,9003,11/15/2011 0:00:00,Bryce Canyon,847640250,84764,P,PO BOX
1643,847640251,9003,9003,11/15/2011 0:00:00,Bryce Canyon,847640251,84764,P,PO BOX
1644,847640252,9003,9003,11/15/2011 0:00:00,Bryce Canyon,847640252,84764,P,PO BOX
1645,847640253,9003,9003,11/15/2011 0:00:00,Bryce Canyon,847640253,84764,P,PO BOX
1646,847640254,9003,9003,11/15/2011 0:00:00,Bryce Canyon,847640254,84764,P,PO BOX
1647,847640255,9003,9003,11/15/2011 0:00:00,Bryce Canyon,847640255,84764,P,PO BOX
1648,847640256,9003,9003,11/15/2011 0:00:00,Bryce Canyon,847640256,84764,P,PO BOX
1649,847640257,9003,9003,11/15/2011 0:00:00,Bryce Canyon,847640257,84764,P,PO BOX
1650,847640258,9003,9003,11/15/2011 0:00:00,Bryce Canyon,847640258,84764,P,PO BOX
1651,847640259,9003,9003,11/15/2011 0:00:00,Bryce Canyon,847640259,84764,P,PO BOX
1652,847640260,9003,9003,11/15/2011 0:00:00,Bryce Canyon,847640260,84764,P,PO BOX
1653,847640261,9003,9003,11/15/2011 0:00:00,Bryce Canyon,847640261,84764,P,PO BOX
1654,847640262,9003,9003,11/15/2011 0:00:00,Bryce Canyon,847640262,84764,P,PO BOX
1655,847640263,9003,9003,11/15/2011 0:00:00,Bryce Canyon,847640263,84764,P,PO BOX
1656,847640264,9003,9003,11/15/2011 0:00:00,Bryce Canyon,847640264,84764,P,PO BOX
1657,847640265,9003,9003,11/15/2011 0:00:00,Bryce Canyon,847640265,84764,P,PO BOX
1658,847640266,9003,9003,11/15/2011 0:00:00,Bryce Canyon,847640266,84764,P,PO BOX
1659,847640267,9003,9003,11/15/2011 0:00:00,Bryce Canyon,847640267,84764,P,PO BOX
1660,847640268,9003,9003,11/15/2011 0:00:00,Bryce Canyon,847640268,84764,P,PO BOX
1661,847640269,9003,9003,11/15/2011 0:00:00,Bryce Canyon,847640269,84764,P,PO BOX
1662,847640270,9003,9003,11/15/2011 0:00:00,Bryce Canyon,847640270,84764,P,PO BOX
1663,847640271,9003,9003,11/15/2011 0:00:00,Bryce Canyon,847640271,84764,P,PO BOX
1664,847640272,9003,9003,11/15/2011 0:00:00,Bryce Canyon,847640272,84764,P,PO BOX
1665,847640273,9003,9003,11/15/2011 0:00:00,Bryce Canyon,847640273,84764,P,PO BOX
1666,847640274,9003,9003,11/15/2011 0:00:00,Bryce Canyon,847640274,84764,P,PO BOX
1667,847640275,9003,9003,11/15/2011 0:00:00,Bryce Canyon,847640275,84764,P,PO BOX
1668,847640276,9003,9003,11/15/2011 0:00:00,Bryce Canyon,847640276,84764,P,PO BOX
1669,847640277,9003,9003,11/15/2011 0:00:00,Bryce Canyon,847640277,84764,P,PO BOX
1670,847640278,9003,9003,11/15/2011 0:00:00,Bryce Canyon,847640278,84764,P,PO BOX
1671,847640279,9003,9003,11/15/2011 0:00:00,Bryce Canyon,847640279,84764,P,PO BOX
1672,847640280,9003,9003,11/15/2011 0:00:00,Bryce Canyon,847640280,84764,P,PO BOX
1673,847640281,9003,9003,11/15/2011 0:00:00,Bryce Canyon,847640281,84764,P,PO BOX
1674,847640282,9003,9003,11/15/2011 0:00:00,Bryce Canyon,847640282,84764,P,PO BOX
1675,847640283,9003,9003,11/15/2011 0:00:00,Bryce Canyon,847640283,84764,P,PO BOX
1676,847640284,9003,9003,11/15/2011 0:00:00,Bryce Canyon,847640284,84764,P,PO BOX
1677,847640285,9003,9003,11/15/2011 0:00:00,Bryce Canyon,847640285,84764,P,PO BOX
1678,847640286,9003,9003,11/15/2011 0:00:00,Bryce Canyon,847640286,84764,P,PO BOX
1679,847640287,9003,9003,11/15/2011 0:00:00,Bryce Canyon,847640287,84764,P,PO BOX
1680,847640288,9003,9003,11/15/2011 0:00:00,Bryce Canyon,847640288,84764,P,PO BOX
1681,847640289,9003,9003,11/15/2011 0:00:00,Bryce Canyon,847640289,84764,P,PO BOX
1682,847640290,9003,9003,11/15/2011 0:00:00,Bryce Canyon,847640290,84764,P,PO BOX
1683,847640291,9003,9003,11/15/2011 0:00:00,Bryce Canyon,847640291,84764,P,PO BOX
1684,847640292,9003,9003,11/15/2011 0:00:00,Bryce Canyon,847640292,84764,P,PO BOX
1685,847640293,9003,9003,11/15/2011 0:00:00,Bryce Canyon,847640293,84764,P,PO BOX
1686,847640294,9003,9003,11/15/2011 0:00:00,Bryce Canyon,847640294,84764,P,PO BOX
1687,847640295,9003,9003,11/15/2011 0:00:00,Bryce Canyon,847640295,84764,P,PO BOX
1688,847640296,9003,9003,11/15/2011 0:00:00,Bryce Canyon,847640296,84764,P,PO BOX
1689,847640297,9003,9003,11/15/2011 0:00:00,Bryce Canyon,847640297,84764,P,PO BOX
1690,847640298,9003,9003,11/15/2011 0:00:00,Bryce Canyon,847640298,84764,P,PO BOX
1691,847640299,9003,9003,11/15/2011 0:00:00,Bryce Canyon,847640299,84764,P,PO BOX
1692,847640300,9003,9003,11/15/2011 0:00:00,Bryce Canyon,847640300,84764,P,PO BOX
1693,847640301,9003,9003,11/15/2011 0:00:00,Bryce Canyon,847640301,84764,P,PO BOX
1694,847640302,9003,9003,11/15/2011 0:00:00,Bryce Canyon,847640302,84764,P,PO BOX
1695,847640303,9003,9003,11/15/2011 0:00:00,Bryce Canyon,847640303,84764,P,PO BOX
1696,847640304,9003,9003,11/15/2011 0:00:00,Bryce Canyon,847640304,84764,P,PO BOX
1697,847640305,9003,9003,11/15/2011 0:00:00,Bryce Canyon,847640305,84764,P,PO BOX
1698,847640306,9003,9003,11/15/2011 0:00:00,Bryce Canyon,847640306,84764,P,PO BOX
1699,847640307,9003,9003,11/15/2011 0:00:00,Bryce Canyon,847640307,84764,P,PO BOX
1700,847640308,9003,9003,11/15/2011 0:00:00,Bryce Canyon,847640308,84764,P,PO BOX
1701,847640309,9003,9003,11/15/2011 0:00:00,Bryce Canyon,847640309,84764,P,PO BOX
1702,847640310,9003,9003,11/15/2011 0:00:00,Bryce Canyon,847640310,84764,P,PO BOX
1703,847640311,9003,9003,11/15/2011 0:00:00,Bryce Canyon,847640311,84764,P,PO BOX
1704,847640312,9003,9003,11/15/2011 0:00:00,Bryce Canyon,847640312,84764,P,PO BOX
1705,847640313,9003,9003,11/15/2011 0:00:00,Bryce Canyon,847640313,84764,P,PO BOX
1706,847640314,9003,9003,11/15/2011 0:00:00,Bryce Canyon,847640314,84764,P,PO BOX
1707,847640315,9003,9003,11/15/2011 0:00:00,Bryce Canyon,847640315,84764,P,PO BOX
1708,847640316,9003,9003,11/15/2011 0:00:00,Bryce Canyon,847640316,84764,P,PO BOX
1709,847640317,9003,9003,11/15/2011 0:00:00,Bryce Canyon,847640317,84764,P,PO BOX
1710,847640318,9003,9003,11/15/2011 0:00:00,Bryce Canyon,847640318,84764,P,PO BOX
1711,847640319,9003,9003,11/15/2011 0:00:00,Bryce Canyon,847640319,84764,P,PO BOX
1712,847640320,9003,9003,11/15/2011 0:00:00,Bryce Canyon,847640320,84764,P,PO BOX
1713,847640321,9003,9003,11/15/2011 0:00:00,Bryce Canyon,847640321,84764,P,PO BOX
1714,847640322,9003,9003,11/15/2011 0:00:00,Bryce Canyon,847640322,84764,P,PO BOX
1715,847640323,9003,9003,11/15/2011 0:00:00,Bryce Canyon,847640323,84764,P,PO BOX
1716,847640324,9003,9003,11/15/2011 0:00:00,Bryce Canyon,847640324,84764,P,PO BOX
1717,847640325,9003,9003,11/15/2011 0:00:00,Bryce Canyon,847640325,84764,P,PO BOX
1718,847640326,9003,9003,11/15/2011 0:00:00,Bryce Canyon,847640326,84764,P,PO BOX
1719,847640327,9003,9003,11/15/2011 0:00:00,Bryce Canyon,847640327,84764,P,PO BOX
1720,847640328,9003,9003,11/15/2011 0:00:00,Bryce Canyon,847640328,84764,P,PO BOX
1721,847640329,9003,9003,11/15/2011 0:00:00,Bryce Canyon,847640329,84764,P,PO BOX
1722,847640330,9003,9003,11/15/2011 0:00:00,Bryce Canyon,847640330,84764,P,PO BOX
1723,847640331,9003,9003,11/15/2011 0:00:00,Bryce Canyon,847640331,84764,P,PO BOX
1724,847640332,9003,9003,11/15/2011 0:00:00,Bryce Canyon,847640332,84764,P,PO BOX
1725,847640333,9003,9003,11/15/2011 0:00:00,Bryce Canyon,847640333,84764,P,PO BOX
1726,847640334,9003,9003,11/15/2011 0:00:00,Bryce Canyon,847640334,84764,P,PO BOX
1727,847640335,9003,9003,11/15/2011 0:00:00,Bryce Canyon,847640335,84764,P,PO BOX
1728,847640336,9003,9003,11/15/2011 0:00:00,Bryce Canyon,847640336,84764,P,PO BOX
1729,847640337,9003,9003,11/15/2011 0:00:00,Bryce Canyon,847640337,84764,P,PO BOX
1730,847640338,9003,9003,11/15/2011 0:00:00,Bryce Canyon,847640338,84764,P,PO BOX
1731,847640339,9003,9003,11/15/2011 0:00:00,Bryce Canyon,847640339,84764,P,PO BOX
1732,847640340,9003,9003,11/15/2011 0:00:00,Bryce Canyon,847640340,84764,P,PO BOX
1733,847640341,9003,9003,11/15/2011 0:00:00,Bryce Canyon,847640341,84764,P,PO BOX
1734,847640342,9003,9003,11/15/2011 0:00:00,Bryce Canyon,847640342,84764,P,PO BOX
1735,847640343,9003,9003,11/15/2011 0:00:00,Bryce Canyon,847640343,84764,P,PO BOX
1736,847640344,9003,9003,11/15/2011 0:00:00,Bryce Canyon,847640344,84764,P,PO BOX
1737,847640345,9003,9003,11/15/2011 0:00:00,Bryce Canyon,847640345,84764,P,PO BOX
1738,847640346,9003,9003,11/15/2011 0:00:00,Bryce Canyon,847640346,84764,P,PO BOX
1739,847640347,9003,9003,11/15/2011 0:00:00,Bryce Canyon,847640347,84764,P,PO BOX
1740,847640348,9003,9003,11/15/2011 0:00:00,Bryce Canyon,847640348,84764,P,PO BOX
1741,847640349,9003,9003,11/15/2011 0:00:00,Bryce Canyon,847640349,84764,P,PO BOX
1742,847640350,9003,9003,11/15/2011 0:00:00,Bryce Canyon,847640350,84764,P,PO BOX
1743,847640351,9003,9003,11/15/2011 0:00:00,Bryce Canyon,847640351,84764,P,PO BOX
1744,847640352,9003,9003,11/15/2011 0:00:00,Bryce Canyon,847640352,84764,P,PO BOX
1745,847640353,9003,9003,11/15/2011 0:00:00,Bryce Canyon,847640353,84764,P,PO BOX
1746,847640354,9003,9003,11/15/2011 0:00:00,Bryce Canyon,847640354,84764,P,PO BOX
1747,847640355,9003,9003,11/15/2011 0:00:00,Bryce Canyon,847640355,84764,P,PO BOX
1748,847640356,9003,9003,11/15/2011 0:00:00,Bryce Canyon,847640356,84764,P,PO BOX
1749,847640357,9003,9003,11/15/2011 0:00:00,Bryce Canyon,847640357,84764,P,PO BOX
1750,847640358,9003,9003,11/15/2011 0:00:00,Bryce Canyon,847640358,84764,P,PO BOX
1751,847640359,9003,9003,11/15/2011 0:00:00,Bryce Canyon,847640359,84764,P,PO BOX
1752,847640360,9003,9003,11/15/2011 0:00:00,Bryce Canyon,847640360,84764,P,PO BOX
1753,847640361,9003,9003,11/15/2011 0:00:00,Bryce Canyon,847640361,84764,P,PO BOX
1754,847640362,9003,9003,11/15/2011 0:00:00,Bryce Canyon,847640362,84764,P,PO BOX
1755,847640363,9003,9003,11/15/2011 0:00:00,Bryce Canyon,847640363,84764,P,PO BOX
1756,847640364,9003,9003,11/15/2011 0:00:00,Bryce Canyon,847640364,84764,P,PO BOX
1757,847640365,9003,9003,11/15/2011 0:00:00,Bryce Canyon,847640365,84764,P,PO BOX
